chr.exposure,pval.exposure,pos.exposure,beta.exposure,samplesize.exposure,se.exposure,id.exposure,SNP,effect_allele.exposure,other_allele.exposure,eaf.exposure,exposure,mr_keep.exposure,pval_origin.exposure,data_source.exposure
1,2.58583e-37,161515326,-0.4101,2870,0.03167,ebi-a-GCST90002013,rs55971447,T,C,0.2369, || id:ebi-a-GCST90002013,TRUE,reported,igd
1,2.61903e-06,22744534,0.2101,2870,0.04463,ebi-a-GCST90002013,rs16827093,T,C,0.1064, || id:ebi-a-GCST90002013,TRUE,reported,igd
1,2.75398e-09,161557154,0.2363,2870,0.03961,ebi-a-GCST90002013,rs2169052,C,T,0.1476, || id:ebi-a-GCST90002013,TRUE,reported,igd
1,4.70695e-06,162238738,0.3008,2870,0.0656,ebi-a-GCST90002013,rs116800975,A,G,0.0474, || id:ebi-a-GCST90002013,TRUE,reported,igd
1,1.46299e-06,33597788,-0.1399,2870,0.02898,ebi-a-GCST90002013,rs10914660,G,A,0.3775, || id:ebi-a-GCST90002013,TRUE,reported,igd
2,8.73193e-06,30466802,-0.1246,2870,0.02797,ebi-a-GCST90002013,rs4384829,A,G,0.5019, || id:ebi-a-GCST90002013,TRUE,reported,igd
3,7.75354e-13,46259296,-0.4223,2870,0.05867,ebi-a-GCST90002013,rs35587265,G,A,0.0624, || id:ebi-a-GCST90002013,TRUE,reported,igd
4,4.86698e-06,35634867,-0.2399,2870,0.05239,ebi-a-GCST90002013,rs542104164,T,C,0.078, || id:ebi-a-GCST90002013,TRUE,reported,igd
4,1.68601e-07,135382945,-3.383,2870,0.6452,ebi-a-GCST90002013,rs147275564,C,T,3e-04, || id:ebi-a-GCST90002013,TRUE,reported,igd
6,5.37997e-06,50581099,0.7062,2870,0.1549,ebi-a-GCST90002013,rs139808988,G,C,0.008, || id:ebi-a-GCST90002013,TRUE,reported,igd
8,4.314e-06,139675584,1.197,2870,0.2599,ebi-a-GCST90002013,rs11775437,G,A,0.0026, || id:ebi-a-GCST90002013,TRUE,reported,igd
8,1.75001e-06,72599402,-0.2685,2870,0.05605,ebi-a-GCST90002013,rs969808,T,C,0.9308, || id:ebi-a-GCST90002013,TRUE,reported,igd
10,2.30102e-06,83561663,-0.8552,2870,0.1806,ebi-a-GCST90002013,rs143366996,C,G,0.0061, || id:ebi-a-GCST90002013,TRUE,reported,igd
11,2.74802e-06,1075194,0.1413,2870,0.03007,ebi-a-GCST90002013,rs2856092,T,G,0.2974, || id:ebi-a-GCST90002013,TRUE,reported,igd
