pos.exposure,samplesize.exposure,pval.exposure,se.exposure,beta.exposure,chr.exposure,id.exposure,SNP,effect_allele.exposure,other_allele.exposure,eaf.exposure,exposure,mr_keep.exposure,pval_origin.exposure,data_source.exposure
173772983,2920,8.80501e-07,0.03011,-0.1484,2,ebi-a-GCST90001891,rs62174625,T,A,0.2807, || id:ebi-a-GCST90001891,TRUE,reported,igd
204596729,2920,5.57442e-45,0.03356,-0.4805,2,ebi-a-GCST90001891,rs13390252,G,A,0.199, || id:ebi-a-GCST90001891,TRUE,reported,igd
39003961,2920,4.69699e-08,0.03583,0.1962,2,ebi-a-GCST90001891,rs59639671,T,C,0.1779, || id:ebi-a-GCST90001891,TRUE,reported,igd
203112661,2920,1.59001e-09,0.02916,0.1766,2,ebi-a-GCST90001891,rs72923074,T,A,0.3315, || id:ebi-a-GCST90001891,TRUE,reported,igd
189596662,2920,7.05797e-06,0.108,-0.4859,3,ebi-a-GCST90001891,rs2889923,C,T,0.9841, || id:ebi-a-GCST90001891,TRUE,reported,igd
29419166,2920,6.25403e-06,0.05965,0.27,4,ebi-a-GCST90001891,rs28591324,A,G,0.0587, || id:ebi-a-GCST90001891,TRUE,reported,igd
90981657,2920,1.20801e-06,0.02785,0.1355,6,ebi-a-GCST90001891,rs45553631,T,C,0.4356, || id:ebi-a-GCST90001891,TRUE,reported,igd
27088757,2920,2.29599e-06,0.03771,-0.1785,9,ebi-a-GCST90001891,rs62542710,G,A,0.1582, || id:ebi-a-GCST90001891,TRUE,reported,igd
26516738,2920,2.79602e-06,0.07317,-0.3435,9,ebi-a-GCST90001891,rs7872397,T,A,0.0351, || id:ebi-a-GCST90001891,TRUE,reported,igd
130170037,2920,5.04406e-06,0.02835,0.1296,10,ebi-a-GCST90001891,rs2154080,T,C,0.3651, || id:ebi-a-GCST90001891,TRUE,reported,igd
134196629,2920,5.23396e-06,0.02706,0.1235,11,ebi-a-GCST90001891,rs3133072,C,T,0.5158, || id:ebi-a-GCST90001891,TRUE,reported,igd
32084901,2920,3.96698e-06,0.03438,-0.1589,13,ebi-a-GCST90001891,rs60249166,T,C,0.1911, || id:ebi-a-GCST90001891,TRUE,reported,igd
71009507,2920,3.28503e-06,0.03135,-0.1461,13,ebi-a-GCST90001891,rs9529740,G,C,0.7416, || id:ebi-a-GCST90001891,TRUE,reported,igd
105780514,2920,4.43701e-06,0.1122,0.5159,14,ebi-a-GCST90001891,rs368620678,A,G,0.0161, || id:ebi-a-GCST90001891,TRUE,reported,igd
