pos.exposure,se.exposure,samplesize.exposure,beta.exposure,pval.exposure,chr.exposure,id.exposure,SNP,effect_allele.exposure,other_allele.exposure,eaf.exposure,exposure,mr_keep.exposure,pval_origin.exposure,data_source.exposure
68608477,0.03636,1635,-0.1783,1.033e-06,3,ebi-a-GCST90002112,rs9310124,C,A,0.4917, || id:ebi-a-GCST90002112,TRUE,reported,igd
8219482,0.2921,1635,-1.314,7.37208e-06,4,ebi-a-GCST90002112,rs78909221,G,A,0.0034, || id:ebi-a-GCST90002112,TRUE,reported,igd
33895001,0.06086,1635,0.3138,2.84197e-07,6,ebi-a-GCST90002112,rs9368784,T,G,0.1049, || id:ebi-a-GCST90002112,TRUE,reported,igd
32565201,0.06137,1635,1.049,2.43893e-60,6,ebi-a-GCST90002112,rs2760980,A,G,0.1202, || id:ebi-a-GCST90002112,TRUE,reported,igd
18655570,0.03685,1635,-0.1723,3.18999e-06,6,ebi-a-GCST90002112,rs1474618,A,C,0.6101, || id:ebi-a-GCST90002112,TRUE,reported,igd
32571079,0.1121,1635,0.7114,2.86801e-10,6,ebi-a-GCST90002112,rs9279789,C,T,0.0453, || id:ebi-a-GCST90002112,TRUE,reported,igd
33054463,0.06556,1635,0.3671,2.51102e-08,6,ebi-a-GCST90002112,rs114068468,T,C,0.0963, || id:ebi-a-GCST90002112,TRUE,reported,igd
32345429,0.04481,1635,-0.4503,4.33611e-23,6,ebi-a-GCST90002112,rs9268430,C,A,0.2939, || id:ebi-a-GCST90002112,TRUE,reported,igd
31795619,0.08199,1635,0.4345,1.31701e-07,6,ebi-a-GCST90002112,rs11576012,T,C,0.0523, || id:ebi-a-GCST90002112,TRUE,reported,igd
101713394,0.1267,1635,0.5782,5.42101e-06,7,ebi-a-GCST90002112,rs140697652,C,T,0.0202, || id:ebi-a-GCST90002112,TRUE,reported,igd
213189,0.0421,1635,0.192,5.45695e-06,7,ebi-a-GCST90002112,rs28714544,G,C,0.2538, || id:ebi-a-GCST90002112,TRUE,reported,igd
94044559,0.3176,1635,-1.423,7.92191e-06,11,ebi-a-GCST90002112,rs79778131,A,G,0.0028, || id:ebi-a-GCST90002112,TRUE,reported,igd
70122623,0.1058,1635,-0.509,1.63999e-06,12,ebi-a-GCST90002112,rs775443,T,C,0.9688, || id:ebi-a-GCST90002112,TRUE,reported,igd
82450885,0.03753,1635,0.1708,5.719e-06,13,ebi-a-GCST90002112,rs9545905,G,A,0.6474, || id:ebi-a-GCST90002112,TRUE,reported,igd
94559274,0.03993,1635,-0.1864,3.292e-06,13,ebi-a-GCST90002112,rs928189,C,T,0.2896, || id:ebi-a-GCST90002112,TRUE,reported,igd
