chr.exposure,pos.exposure,samplesize.exposure,se.exposure,pval.exposure,beta.exposure,id.exposure,SNP,effect_allele.exposure,other_allele.exposure,eaf.exposure,exposure,mr_keep.exposure,pval_origin.exposure,data_source.exposure
1,92438297,3112,0.3862,6.64707e-06,1.743,ebi-a-GCST90001913,rs77353040,G,A,0.001, || id:ebi-a-GCST90001913,TRUE,reported,igd
1,226912891,3112,0.02668,3.00802e-06,0.1248,ebi-a-GCST90001913,rs708772,C,T,0.5032, || id:ebi-a-GCST90001913,TRUE,reported,igd
1,161185058,3112,0.02971,6.37001e-09,0.173,ebi-a-GCST90001913,rs2070901,T,G,0.2834, || id:ebi-a-GCST90001913,TRUE,reported,igd
1,198077256,3112,0.05003,1.65901e-06,-0.2401,ebi-a-GCST90001913,rs76564275,T,G,0.0794, || id:ebi-a-GCST90001913,TRUE,reported,igd
1,161444369,3112,0.03232,1.43599e-06,-0.1561,ebi-a-GCST90001913,rs12120358,T,A,0.2243, || id:ebi-a-GCST90001913,TRUE,reported,igd
2,106554170,3112,0.07801,8.98504e-06,0.347,ebi-a-GCST90001913,rs141251504,A,G,0.0297, || id:ebi-a-GCST90001913,TRUE,reported,igd
5,9930209,3112,0.03583,3.98703e-06,-0.1655,ebi-a-GCST90001913,rs79009131,C,T,0.1676, || id:ebi-a-GCST90001913,TRUE,reported,igd
6,31275410,3112,0.0402,9.19899e-07,-0.1977,ebi-a-GCST90001913,rs76530868,A,C,0.157, || id:ebi-a-GCST90001913,TRUE,reported,igd
6,31021504,3112,0.03427,8.31209e-06,0.153,ebi-a-GCST90001913,rs2523857,C,T,0.7857, || id:ebi-a-GCST90001913,TRUE,reported,igd
8,2082753,3112,0.05242,9.25209e-06,0.2328,ebi-a-GCST90001913,rs79200728,G,T,0.0672, || id:ebi-a-GCST90001913,TRUE,reported,igd
9,127220635,3112,0.02694,9.54597e-06,-0.1195,ebi-a-GCST90001913,rs4838178,G,C,0.544, || id:ebi-a-GCST90001913,TRUE,reported,igd
9,72613948,3112,0.1182,4.469e-06,-0.5433,ebi-a-GCST90001913,rs77547877,G,A,0.0132, || id:ebi-a-GCST90001913,TRUE,reported,igd
11,5403108,3112,0.05061,2.064e-06,-0.2407,ebi-a-GCST90001913,rs12364299,T,A,0.0782, || id:ebi-a-GCST90001913,TRUE,reported,igd
18,3276401,3112,0.3102,9.54509e-06,1.376,ebi-a-GCST90001913,rs188470738,A,G,0.0018, || id:ebi-a-GCST90001913,TRUE,reported,igd
19,52119546,3112,0.02663,1.276e-07,0.141,ebi-a-GCST90001913,rs11084094,C,T,0.4807, || id:ebi-a-GCST90001913,TRUE,reported,igd
20,7731470,3112,0.1663,3.54397e-06,0.7724,ebi-a-GCST90001913,rs138030758,T,C,0.0064, || id:ebi-a-GCST90001913,TRUE,reported,igd
20,40628317,3112,0.1023,5.188e-06,-0.4669,ebi-a-GCST90001913,rs117414770,C,A,0.0172, || id:ebi-a-GCST90001913,TRUE,reported,igd
