chr.exposure,samplesize.exposure,pval.exposure,beta.exposure,pos.exposure,se.exposure,id.exposure,SNP,effect_allele.exposure,other_allele.exposure,eaf.exposure,exposure,mr_keep.exposure,pval_origin.exposure,data_source.exposure
1,3113,4.49801e-06,-1.882,177556743,0.4095,ebi-a-GCST90001971,rs190188611,C,T,8e-04, || id:ebi-a-GCST90001971,TRUE,reported,igd
2,3113,1.85802e-06,0.1191,224307687,0.02492,ebi-a-GCST90001971,rs10169473,A,G,0.3675, || id:ebi-a-GCST90001971,TRUE,reported,igd
2,3113,7.71507e-06,0.1576,58932674,0.03518,ebi-a-GCST90001971,rs10191966,G,A,0.8632, || id:ebi-a-GCST90001971,TRUE,reported,igd
2,3113,4.66402e-06,-0.1806,115150773,0.03937,ebi-a-GCST90001971,rs76883038,T,G,0.1036, || id:ebi-a-GCST90001971,TRUE,reported,igd
2,3113,6.75305e-06,-0.4442,6597596,0.09852,ebi-a-GCST90001971,rs146445010,C,G,0.0156, || id:ebi-a-GCST90001971,TRUE,reported,igd
6,3113,4.45995e-06,-0.1428,32602482,0.03107,ebi-a-GCST90001971,rs3104369,C,T,0.7716, || id:ebi-a-GCST90001971,TRUE,reported,igd
7,3113,5.01395e-07,-0.1443,48232877,0.02866,ebi-a-GCST90001971,rs143298995,G,A,0.7695, || id:ebi-a-GCST90001971,TRUE,reported,igd
7,3113,1.86402e-06,2.42,15148913,0.5066,ebi-a-GCST90001971,rs144027086,A,G,5e-04, || id:ebi-a-GCST90001971,TRUE,reported,igd
8,3113,8.34891e-06,0.1111,136208763,0.02489,ebi-a-GCST90001971,rs1842502,T,C,0.5896, || id:ebi-a-GCST90001971,TRUE,reported,igd
10,3113,7.75104e-07,0.14,10534818,0.02828,ebi-a-GCST90001971,rs2252167,A,T,0.7411, || id:ebi-a-GCST90001971,TRUE,reported,igd
11,3113,4.08498e-06,0.2789,101727658,0.06042,ebi-a-GCST90001971,rs142476157,T,G,0.0514, || id:ebi-a-GCST90001971,TRUE,reported,igd
14,3113,4.49801e-07,0.211,29178686,0.04172,ebi-a-GCST90001971,rs77789294,C,T,0.0957, || id:ebi-a-GCST90001971,TRUE,reported,igd
17,3113,7.85507e-06,-0.5187,30211831,0.1159,ebi-a-GCST90001971,rs7213345,T,G,0.0112, || id:ebi-a-GCST90001971,TRUE,reported,igd
18,3113,1.69301e-06,-0.1184,22484814,0.02469,ebi-a-GCST90001971,rs1823592,C,T,0.5732, || id:ebi-a-GCST90001971,TRUE,reported,igd
20,3113,4.64098e-06,-0.6073,25983166,0.1323,ebi-a-GCST90001971,rs192157885,C,T,0.0084, || id:ebi-a-GCST90001971,TRUE,reported,igd
22,3113,3.26498e-07,-0.1292,30483964,0.02523,ebi-a-GCST90001971,rs12166583,A,C,0.4123, || id:ebi-a-GCST90001971,TRUE,reported,igd
22,3113,5.79802e-06,0.1561,37462632,0.03438,ebi-a-GCST90001971,rs35851175,G,C,0.1489, || id:ebi-a-GCST90001971,TRUE,reported,igd
