chr.exposure,beta.exposure,se.exposure,samplesize.exposure,pos.exposure,pval.exposure,id.exposure,SNP,effect_allele.exposure,other_allele.exposure,eaf.exposure,exposure,mr_keep.exposure,pval_origin.exposure,data_source.exposure
1,-0.2146,0.04816,1578,60846104,8.96107e-06,ebi-a-GCST90002043,rs380901,T,C,0.1698, || id:ebi-a-GCST90002043,TRUE,reported,igd
1,0.1763,0.0375,1578,24672641,2.82001e-06,ebi-a-GCST90002043,rs6675501,T,C,0.4087, || id:ebi-a-GCST90002043,TRUE,reported,igd
1,0.79,0.1773,1578,85318028,8.92401e-06,ebi-a-GCST90002043,rs35895413,T,C,0.0111, || id:ebi-a-GCST90002043,TRUE,reported,igd
2,0.1662,0.03649,1578,54865820,5.64703e-06,ebi-a-GCST90002043,rs6760298,C,T,0.5082, || id:ebi-a-GCST90002043,TRUE,reported,igd
3,-0.2723,0.05923,1578,113961934,4.62296e-06,ebi-a-GCST90002043,rs1983079,A,G,0.108, || id:ebi-a-GCST90002043,TRUE,reported,igd
5,0.2271,0.04571,1578,29803516,7.486e-07,ebi-a-GCST90002043,rs1580170,G,A,0.1936, || id:ebi-a-GCST90002043,TRUE,reported,igd
7,0.176,0.0362,1578,1329138,1.287e-06,ebi-a-GCST90002043,rs73264490,A,G,0.4547, || id:ebi-a-GCST90002043,TRUE,reported,igd
7,-0.1768,0.03942,1578,133674795,7.84097e-06,ebi-a-GCST90002043,rs10252843,C,T,0.3118, || id:ebi-a-GCST90002043,TRUE,reported,igd
8,-0.978,0.2007,1578,144503650,1.20901e-06,ebi-a-GCST90002043,rs116900648,A,G,0.0089, || id:ebi-a-GCST90002043,TRUE,reported,igd
9,0.6674,0.1476,1578,32566749,6.55994e-06,ebi-a-GCST90002043,rs182091184,G,T,0.0155, || id:ebi-a-GCST90002043,TRUE,reported,igd
10,2.485,0.5501,1578,12701296,6.70703e-06,ebi-a-GCST90002043,rs76777625,T,C,0.001, || id:ebi-a-GCST90002043,TRUE,reported,igd
10,0.1789,0.04002,1578,88794870,8.38108e-06,ebi-a-GCST90002043,rs9421560,C,T,0.3238, || id:ebi-a-GCST90002043,TRUE,reported,igd
11,1.979,0.3929,1578,68869308,5.30799e-07,ebi-a-GCST90002043,rs921674,A,G,0.0022, || id:ebi-a-GCST90002043,TRUE,reported,igd
17,0.1657,0.0368,1578,44065263,7.17893e-06,ebi-a-GCST90002043,rs713522,C,T,0.5856, || id:ebi-a-GCST90002043,TRUE,reported,igd
18,-0.7931,0.178,1578,368602,8.97408e-06,ebi-a-GCST90002043,rs111988158,C,G,0.0098, || id:ebi-a-GCST90002043,TRUE,reported,igd
19,0.1869,0.04069,1578,561816,4.71303e-06,ebi-a-GCST90002043,rs62132587,G,A,0.3061, || id:ebi-a-GCST90002043,TRUE,reported,igd
