samplesize.exposure,pos.exposure,se.exposure,beta.exposure,chr.exposure,pval.exposure,id.exposure,SNP,effect_allele.exposure,other_allele.exposure,eaf.exposure,exposure,mr_keep.exposure,pval_origin.exposure,data_source.exposure
2919,241021276,0.02766,-0.1243,2,7.34598e-06,ebi-a-GCST90002064,rs2368500,A,C,0.6334, || id:ebi-a-GCST90002064,TRUE,reported,igd
2919,46180188,0.04413,-0.2234,2,4.42395e-07,ebi-a-GCST90002064,rs6724611,A,T,0.1023, || id:ebi-a-GCST90002064,TRUE,reported,igd
2919,23267234,0.2076,0.9366,4,6.718e-06,ebi-a-GCST90002064,rs116477286,A,G,0.0041, || id:ebi-a-GCST90002064,TRUE,reported,igd
2919,141172502,0.1561,0.7551,5,1.38701e-06,ebi-a-GCST90002064,rs112402469,T,C,0.0075, || id:ebi-a-GCST90002064,TRUE,reported,igd
2919,31247414,0.02967,0.1416,6,1.895e-06,ebi-a-GCST90002064,rs2844608,T,C,0.4572, || id:ebi-a-GCST90002064,TRUE,reported,igd
2919,55192621,0.114,-0.5372,6,2.56998e-06,ebi-a-GCST90002064,rs114729093,C,T,0.0139, || id:ebi-a-GCST90002064,TRUE,reported,igd
2919,85782234,0.04558,0.2037,6,8.18408e-06,ebi-a-GCST90002064,rs9294327,A,T,0.9051, || id:ebi-a-GCST90002064,TRUE,reported,igd
2919,169725888,0.02731,-0.1347,6,8.59805e-07,ebi-a-GCST90002064,rs145783964,A,G,0.4829, || id:ebi-a-GCST90002064,TRUE,reported,igd
2919,7145483,0.1977,-0.8896,9,7.05505e-06,ebi-a-GCST90002064,rs117384636,T,C,0.0048, || id:ebi-a-GCST90002064,TRUE,reported,igd
2919,6015632,0.03347,0.1483,12,9.74608e-06,ebi-a-GCST90002064,rs61908390,A,G,0.2021, || id:ebi-a-GCST90002064,TRUE,reported,igd
2919,6903631,0.03074,-0.1847,12,2.10698e-09,ebi-a-GCST90002064,rs11615628,A,G,0.2467, || id:ebi-a-GCST90002064,TRUE,reported,igd
2919,65969670,0.02708,0.1358,14,5.64898e-07,ebi-a-GCST90002064,rs8011224,A,T,0.6005, || id:ebi-a-GCST90002064,TRUE,reported,igd
2919,82621799,0.07525,0.3438,16,5.10105e-06,ebi-a-GCST90002064,rs11646104,C,G,0.0307, || id:ebi-a-GCST90002064,TRUE,reported,igd
2919,40680934,0.02686,-0.128,17,1.97501e-06,ebi-a-GCST90002064,rs4793163,A,G,0.4534, || id:ebi-a-GCST90002064,TRUE,reported,igd
