se.exposure,pval.exposure,samplesize.exposure,pos.exposure,chr.exposure,beta.exposure,id.exposure,SNP,effect_allele.exposure,other_allele.exposure,eaf.exposure,exposure,mr_keep.exposure,pval_origin.exposure,data_source.exposure
0.03269,4.07202e-06,3113,52204804,2,-0.1509,ebi-a-GCST90001916,rs78970139,G,A,0.2025, || id:ebi-a-GCST90001916,TRUE,reported,igd
0.04157,8.36508e-06,3113,119105402,3,-0.1855,ebi-a-GCST90001916,rs73187865,C,T,0.1142, || id:ebi-a-GCST90001916,TRUE,reported,igd
0.02657,3.43803e-06,3113,1568839,4,0.1236,ebi-a-GCST90001916,rs11944009,T,C,0.3913, || id:ebi-a-GCST90001916,TRUE,reported,igd
0.02715,3.62702e-06,3113,21222071,4,-0.126,ebi-a-GCST90001916,rs7657718,G,T,0.3877, || id:ebi-a-GCST90001916,TRUE,reported,igd
0.03441,2.25398e-09,3113,32600003,6,-0.2063,ebi-a-GCST90001916,rs3104376,C,T,0.7872, || id:ebi-a-GCST90001916,TRUE,reported,igd
0.08792,9.23996e-06,3113,43645107,6,0.3905,ebi-a-GCST90001916,rs113149369,A,C,0.0223, || id:ebi-a-GCST90001916,TRUE,reported,igd
0.03477,3.724e-07,3113,32450357,6,0.1771,ebi-a-GCST90001916,rs3998189,T,A,0.2351, || id:ebi-a-GCST90001916,TRUE,reported,igd
0.0273,2.64698e-06,3113,69075429,6,-0.1285,ebi-a-GCST90001916,rs9363908,G,A,0.3937, || id:ebi-a-GCST90001916,TRUE,reported,igd
0.09791,7.83303e-06,3113,96301882,8,-0.4384,ebi-a-GCST90001916,rs902920,C,G,0.981, || id:ebi-a-GCST90001916,TRUE,reported,igd
0.03116,7.28098e-06,3113,38566955,14,-0.14,ebi-a-GCST90001916,rs2185450,C,T,0.2313, || id:ebi-a-GCST90001916,TRUE,reported,igd
0.02662,2.15199e-06,3113,70755144,16,0.1264,ebi-a-GCST90001916,rs17307464,A,G,0.4433, || id:ebi-a-GCST90001916,TRUE,reported,igd
0.09911,2.87303e-06,3113,3612334,17,-0.4647,ebi-a-GCST90001916,rs189409686,T,C,0.0162, || id:ebi-a-GCST90001916,TRUE,reported,igd
0.09778,3.96004e-06,3113,64359675,18,0.4519,ebi-a-GCST90001916,rs112736938,C,T,0.0194, || id:ebi-a-GCST90001916,TRUE,reported,igd
0.07006,5.024e-06,3113,56697803,19,0.3203,ebi-a-GCST90001916,rs62120820,G,T,0.0363, || id:ebi-a-GCST90001916,TRUE,reported,igd
