se.exposure,pval.exposure,beta.exposure,samplesize.exposure,chr.exposure,pos.exposure,id.exposure,SNP,effect_allele.exposure,other_allele.exposure,eaf.exposure,exposure,mr_keep.exposure,pval_origin.exposure,data_source.exposure
0.02787,2.23702e-06,-0.1321,2920,2,225917580,ebi-a-GCST90001890,rs2922755,T,G,0.3873, || id:ebi-a-GCST90001890,TRUE,reported,igd
0.05063,4.50599e-06,0.2327,2920,2,173221757,ebi-a-GCST90001890,rs115108917,G,C,0.0822, || id:ebi-a-GCST90001890,TRUE,reported,igd
0.03444,5.76766e-33,-0.4171,2920,2,204623481,ebi-a-GCST90001890,rs62184016,C,T,0.1986, || id:ebi-a-GCST90001890,TRUE,reported,igd
0.04337,3.70502e-06,0.2011,2920,3,118956779,ebi-a-GCST90001890,rs13091429,G,A,0.1154, || id:ebi-a-GCST90001890,TRUE,reported,igd
0.03545,8.30405e-07,-0.1751,2920,6,32383138,ebi-a-GCST90001890,rs4959028,G,A,0.231, || id:ebi-a-GCST90001890,TRUE,reported,igd
0.03625,3.20199e-06,-0.1692,2920,6,32426271,ebi-a-GCST90001890,rs4601112,C,T,0.2159, || id:ebi-a-GCST90001890,TRUE,reported,igd
0.03405,2.25476e-26,0.3653,2920,6,90976768,ebi-a-GCST90001890,rs72928038,A,G,0.199, || id:ebi-a-GCST90001890,TRUE,reported,igd
0.09247,5.90201e-06,-0.4196,2920,9,22226319,ebi-a-GCST90001890,rs138868484,A,G,0.0235, || id:ebi-a-GCST90001890,TRUE,reported,igd
0.1597,1.11199e-07,0.8497,2920,10,33808118,ebi-a-GCST90001890,rs2804865,C,T,0.9926, || id:ebi-a-GCST90001890,TRUE,reported,igd
0.02967,4.00802e-06,-0.137,2920,12,106627038,ebi-a-GCST90001890,rs112388922,A,G,0.3296, || id:ebi-a-GCST90001890,TRUE,reported,igd
0.02777,2.28702e-06,-0.1315,2920,12,16767167,ebi-a-GCST90001890,rs7305693,T,G,0.4842, || id:ebi-a-GCST90001890,TRUE,reported,igd
0.05024,3.67198e-06,0.233,2920,14,40290794,ebi-a-GCST90001890,rs140680300,A,T,0.0805, || id:ebi-a-GCST90001890,TRUE,reported,igd
0.08199,4.07699e-06,0.3785,2920,18,10278252,ebi-a-GCST90001890,rs139057975,T,C,0.0291, || id:ebi-a-GCST90001890,TRUE,reported,igd
0.05243,6.31801e-06,0.2372,2920,19,56365335,ebi-a-GCST90001890,rs118035444,T,C,0.074, || id:ebi-a-GCST90001890,TRUE,reported,igd
