pos.exposure,beta.exposure,samplesize.exposure,se.exposure,pval.exposure,chr.exposure,id.exposure,SNP,effect_allele.exposure,other_allele.exposure,eaf.exposure,exposure,mr_keep.exposure,pval_origin.exposure,data_source.exposure
204545064,0.3151,3060,0.07065,8.50002e-06,1,ebi-a-GCST90001977,rs146688461,G,A,0.0359, || id:ebi-a-GCST90001977,TRUE,reported,igd
242338190,0.692,3060,0.1539,7.15204e-06,1,ebi-a-GCST90001977,rs150750018,A,G,0.007, || id:ebi-a-GCST90001977,TRUE,reported,igd
11494512,0.1159,3060,0.02611,9.42692e-06,1,ebi-a-GCST90001977,rs2379150,T,C,0.4755, || id:ebi-a-GCST90001977,TRUE,reported,igd
97950934,-0.1284,3060,0.02646,1.28499e-06,1,ebi-a-GCST90001977,rs4950037,T,G,0.59, || id:ebi-a-GCST90001977,TRUE,reported,igd
179019068,0.2828,3060,0.06104,3.74999e-06,2,ebi-a-GCST90001977,rs112728592,T,C,0.0479, || id:ebi-a-GCST90001977,TRUE,reported,igd
71779032,-0.1166,3060,0.02634,9.822e-06,2,ebi-a-GCST90001977,rs7582130,A,G,0.617, || id:ebi-a-GCST90001977,TRUE,reported,igd
98779043,-0.829,3060,0.166,6.20497e-07,3,ebi-a-GCST90001977,rs142882340,G,A,0.006, || id:ebi-a-GCST90001977,TRUE,reported,igd
82455099,0.3176,3060,0.06604,1.58402e-06,4,ebi-a-GCST90001977,rs113508249,G,A,0.0402, || id:ebi-a-GCST90001977,TRUE,reported,igd
5250140,1.022,3060,0.2134,1.76401e-06,7,ebi-a-GCST90001977,rs76260706,G,A,0.0038, || id:ebi-a-GCST90001977,TRUE,reported,igd
104411433,0.135,3060,0.02813,1.66399e-06,7,ebi-a-GCST90001977,rs57276252,T,C,0.2989, || id:ebi-a-GCST90001977,TRUE,reported,igd
15258639,-0.2088,3060,0.0434,1.575e-06,9,ebi-a-GCST90001977,rs75929528,C,T,0.1, || id:ebi-a-GCST90001977,TRUE,reported,igd
31120417,-0.6483,3060,0.1312,8.22906e-07,9,ebi-a-GCST90001977,rs142909976,A,T,0.0101, || id:ebi-a-GCST90001977,TRUE,reported,igd
47688459,-0.8086,3060,0.179,6.48097e-06,11,ebi-a-GCST90001977,rs7939069,A,G,0.0052, || id:ebi-a-GCST90001977,TRUE,reported,igd
102718009,-0.2314,3060,0.05024,4.29903e-06,12,ebi-a-GCST90001977,rs2946832,T,C,0.0704, || id:ebi-a-GCST90001977,TRUE,reported,igd
19454846,1.845,3060,0.4059,5.71005e-06,13,ebi-a-GCST90001977,rs142667430,T,C,0.0011, || id:ebi-a-GCST90001977,TRUE,reported,igd
38054883,-0.496,3060,0.1058,2.90001e-06,15,ebi-a-GCST90001977,rs147422381,A,G,0.0154, || id:ebi-a-GCST90001977,TRUE,reported,igd
15710293,-0.226,3060,0.0427,1.28801e-07,21,ebi-a-GCST90001977,rs12482528,T,C,0.1013, || id:ebi-a-GCST90001977,TRUE,reported,igd
