pval.exposure,chr.exposure,beta.exposure,samplesize.exposure,pos.exposure,se.exposure,id.exposure,SNP,effect_allele.exposure,other_allele.exposure,eaf.exposure,exposure,mr_keep.exposure,pval_origin.exposure,data_source.exposure
4.92901e-06,1,-0.1179,3611,38659743,0.02577,ebi-a-GCST90002011,rs7543360,G,A,0.348, || id:ebi-a-GCST90002011,TRUE,reported,igd
3.05e-06,4,-0.5194,3611,20594904,0.1111,ebi-a-GCST90002011,rs16869776,T,A,0.0116, || id:ebi-a-GCST90002011,TRUE,reported,igd
6.06303e-07,4,0.1715,3611,182195837,0.03431,ebi-a-GCST90002011,rs7685215,G,A,0.153, || id:ebi-a-GCST90002011,TRUE,reported,igd
1.34899e-08,4,-0.5728,3611,17530633,0.1006,ebi-a-GCST90002011,rs146963227,A,G,0.015, || id:ebi-a-GCST90002011,TRUE,reported,igd
8.15098e-06,5,0.1115,3611,1004879,0.02497,ebi-a-GCST90002011,rs326052,C,T,0.4096, || id:ebi-a-GCST90002011,TRUE,reported,igd
7.36699e-06,6,0.6307,3611,157071062,0.1405,ebi-a-GCST90002011,rs190928917,T,A,0.008, || id:ebi-a-GCST90002011,TRUE,reported,igd
6.36297e-06,8,-0.5263,3611,59726631,0.1164,ebi-a-GCST90002011,rs80178684,G,A,0.0111, || id:ebi-a-GCST90002011,TRUE,reported,igd
8.49904e-06,8,0.1482,3611,97002092,0.03324,ebi-a-GCST90002011,rs34113791,G,T,0.1842, || id:ebi-a-GCST90002011,TRUE,reported,igd
1.06199e-06,11,0.2825,3611,62247621,0.05778,ebi-a-GCST90002011,rs627319,C,G,0.951, || id:ebi-a-GCST90002011,TRUE,reported,igd
6.46398e-09,12,0.1497,3611,112059557,0.02574,ebi-a-GCST90002011,rs11065979,T,C,0.469, || id:ebi-a-GCST90002011,TRUE,reported,igd
2.89301e-06,13,-0.1194,3611,59333719,0.02549,ebi-a-GCST90002011,rs7333071,A,T,0.4376, || id:ebi-a-GCST90002011,TRUE,reported,igd
4.99195e-06,16,0.1243,3611,83953190,0.02719,ebi-a-GCST90002011,rs71404123,G,A,0.288, || id:ebi-a-GCST90002011,TRUE,reported,igd
6.77205e-06,17,0.2718,3611,64692068,0.06031,ebi-a-GCST90002011,rs16960068,A,G,0.0447, || id:ebi-a-GCST90002011,TRUE,reported,igd
1.93901e-06,21,0.1867,3611,19054955,0.03916,ebi-a-GCST90002011,rs57732730,T,G,0.1117, || id:ebi-a-GCST90002011,TRUE,reported,igd
