beta.exposure,samplesize.exposure,pval.exposure,chr.exposure,se.exposure,pos.exposure,id.exposure,SNP,effect_allele.exposure,other_allele.exposure,eaf.exposure,exposure,mr_keep.exposure,pval_origin.exposure,data_source.exposure
0.238,1635,8.83894e-11,1,0.03646,161508763,ebi-a-GCST90002045,rs10919544,C,T,0.552, || id:ebi-a-GCST90002045,TRUE,reported,igd
-0.8187,1635,2.26798e-06,1,0.1725,15693424,ebi-a-GCST90002045,rs112370962,C,T,0.0116, || id:ebi-a-GCST90002045,TRUE,reported,igd
0.4898,1635,2.78901e-06,2,0.1042,126466187,ebi-a-GCST90002045,rs138593127,C,T,0.0318, || id:ebi-a-GCST90002045,TRUE,reported,igd
0.2608,1635,1.67919e-12,2,0.03665,232290640,ebi-a-GCST90002045,rs12614599,A,G,0.3428, || id:ebi-a-GCST90002045,TRUE,reported,igd
-0.4271,1635,2.45002e-06,3,0.09032,177691462,ebi-a-GCST90002045,rs144954155,T,C,0.0431, || id:ebi-a-GCST90002045,TRUE,reported,igd
-0.249,1635,9.79197e-06,3,0.05612,194094110,ebi-a-GCST90002045,rs9814135,C,T,0.8817, || id:ebi-a-GCST90002045,TRUE,reported,igd
0.204,1635,7.95994e-06,4,0.04553,55253342,ebi-a-GCST90002045,rs1562059,G,A,0.1957, || id:ebi-a-GCST90002045,TRUE,reported,igd
0.7852,1635,2.434e-06,4,0.166,103564713,ebi-a-GCST90002045,rs139602776,C,T,0.0119, || id:ebi-a-GCST90002045,TRUE,reported,igd
0.3363,1635,5.91602e-06,4,0.074,125753562,ebi-a-GCST90002045,rs115428824,G,T,0.0664, || id:ebi-a-GCST90002045,TRUE,reported,igd
0.958,1635,2.86497e-06,4,0.204,92853329,ebi-a-GCST90002045,rs114152229,A,G,0.0086, || id:ebi-a-GCST90002045,TRUE,reported,igd
-0.3984,1635,7.78001e-06,8,0.08881,117456157,ebi-a-GCST90002045,rs111649552,C,G,0.0404, || id:ebi-a-GCST90002045,TRUE,reported,igd
-0.4693,1635,6.06597e-06,9,0.1034,84909178,ebi-a-GCST90002045,rs117072933,A,G,0.0297, || id:ebi-a-GCST90002045,TRUE,reported,igd
0.259,1635,6.46502e-06,10,0.05722,29037194,ebi-a-GCST90002045,rs140313648,C,T,0.1116, || id:ebi-a-GCST90002045,TRUE,reported,igd
-0.5396,1635,5.59603e-06,13,0.1184,96096633,ebi-a-GCST90002045,rs34710654,A,G,0.0242, || id:ebi-a-GCST90002045,TRUE,reported,igd
-0.4587,1635,3.08496e-06,16,0.09798,31868109,ebi-a-GCST90002045,rs2358778,A,G,0.9654, || id:ebi-a-GCST90002045,TRUE,reported,igd
0.1697,1635,2.75702e-06,17,0.03608,54816038,ebi-a-GCST90002045,rs4386182,C,T,0.5706, || id:ebi-a-GCST90002045,TRUE,reported,igd
