beta.exposure,pos.exposure,se.exposure,samplesize.exposure,pval.exposure,chr.exposure,id.exposure,SNP,effect_allele.exposure,other_allele.exposure,eaf.exposure,exposure,mr_keep.exposure,pval_origin.exposure,data_source.exposure
-0.186,119421209,0.03337,3118,2.72603e-08,1,ebi-a-GCST90001938,rs6681289,A,G,0.1884, || id:ebi-a-GCST90001938,TRUE,reported,igd
-0.4987,63568945,0.106,3118,2.651e-06,1,ebi-a-GCST90001938,rs113948643,T,C,0.0152, || id:ebi-a-GCST90001938,TRUE,reported,igd
-0.2639,5264834,0.05642,3118,3.02399e-06,1,ebi-a-GCST90001938,rs76433036,A,G,0.0552, || id:ebi-a-GCST90001938,TRUE,reported,igd
-0.7821,151248680,0.1756,3118,8.74903e-06,3,ebi-a-GCST90001938,rs139668159,C,A,0.0056, || id:ebi-a-GCST90001938,TRUE,reported,igd
0.118,157370372,0.02647,3118,8.63893e-06,5,ebi-a-GCST90001938,rs3095996,G,A,0.3817, || id:ebi-a-GCST90001938,TRUE,reported,igd
-0.4909,134635583,0.1063,3118,4.03599e-06,5,ebi-a-GCST90001938,rs72804108,T,C,0.0152, || id:ebi-a-GCST90001938,TRUE,reported,igd
0.1211,112390854,0.02641,3118,4.73598e-06,9,ebi-a-GCST90001938,rs6477716,G,A,0.3914, || id:ebi-a-GCST90001938,TRUE,reported,igd
-0.7139,68626431,0.1399,3118,3.55001e-07,10,ebi-a-GCST90001938,rs117447663,T,C,0.008, || id:ebi-a-GCST90001938,TRUE,reported,igd
0.2399,19334047,0.05358,3118,7.83502e-06,10,ebi-a-GCST90001938,rs77328910,T,C,0.0598, || id:ebi-a-GCST90001938,TRUE,reported,igd
-0.1183,117346513,0.02632,3118,7.29693e-06,11,ebi-a-GCST90001938,rs540469,T,C,0.5752, || id:ebi-a-GCST90001938,TRUE,reported,igd
0.1886,3454330,0.03916,3118,1.53102e-06,11,ebi-a-GCST90001938,rs4758500,T,C,0.1342, || id:ebi-a-GCST90001938,TRUE,reported,igd
0.1705,81444190,0.03808,3118,7.871e-06,16,ebi-a-GCST90001938,rs62043866,T,C,0.1283, || id:ebi-a-GCST90001938,TRUE,reported,igd
0.631,51786661,0.1374,3118,4.52304e-06,19,ebi-a-GCST90001938,rs78950918,C,G,0.0088, || id:ebi-a-GCST90001938,TRUE,reported,igd
0.4804,49021549,0.1035,3118,3.57199e-06,19,ebi-a-GCST90001938,rs28478882,T,C,0.0157, || id:ebi-a-GCST90001938,TRUE,reported,igd
0.2554,37805444,0.05732,3118,8.70302e-06,20,ebi-a-GCST90001938,rs17184074,A,G,0.0516, || id:ebi-a-GCST90001938,TRUE,reported,igd
