chr.exposure,samplesize.exposure,pval.exposure,pos.exposure,beta.exposure,se.exposure,id.exposure,SNP,effect_allele.exposure,other_allele.exposure,eaf.exposure,exposure,mr_keep.exposure,pval_origin.exposure,data_source.exposure
1,2920,2.399e-06,47599360,0.187,0.03957,ebi-a-GCST90002118,rs12046688,G,A,0.1325, || id:ebi-a-GCST90002118,TRUE,reported,igd
1,2920,1.64199e-06,192838446,0.1343,0.02796,ebi-a-GCST90002118,rs1235080,A,T,0.4182, || id:ebi-a-GCST90002118,TRUE,reported,igd
2,2920,5.63248e-32,86982504,-0.4974,0.04176,ebi-a-GCST90002118,rs13004867,G,C,0.1175, || id:ebi-a-GCST90002118,TRUE,reported,igd
2,2920,2.27898e-07,80959711,0.145,0.02796,ebi-a-GCST90002118,rs10181413,A,G,0.6212, || id:ebi-a-GCST90002118,TRUE,reported,igd
2,2920,6.08906e-06,85517590,0.1228,0.02711,ebi-a-GCST90002118,rs10185095,C,T,0.4533, || id:ebi-a-GCST90002118,TRUE,reported,igd
2,2920,5.22504e-06,145331724,0.131,0.02871,ebi-a-GCST90002118,rs59998168,C,T,0.3267, || id:ebi-a-GCST90002118,TRUE,reported,igd
2,2920,7.69396e-06,101907011,-0.8259,0.1843,ebi-a-GCST90002118,rs145728549,G,A,0.0057, || id:ebi-a-GCST90002118,TRUE,reported,igd
3,2920,1.75598e-06,128289541,0.1958,0.04087,ebi-a-GCST90002118,rs58007649,A,G,0.1276, || id:ebi-a-GCST90002118,TRUE,reported,igd
4,2920,5.80403e-06,66441067,-0.1342,0.02955,ebi-a-GCST90002118,rs4241667,G,A,0.2952, || id:ebi-a-GCST90002118,TRUE,reported,igd
6,2920,5.98398e-06,31276042,0.1532,0.03377,ebi-a-GCST90002118,rs1616538,A,C,0.3591, || id:ebi-a-GCST90002118,TRUE,reported,igd
6,2920,8.61192e-11,31071758,0.2002,0.03074,ebi-a-GCST90002118,rs9263601,C,T,0.4483, || id:ebi-a-GCST90002118,TRUE,reported,igd
6,2920,2.65497e-07,30738211,-0.2144,0.04156,ebi-a-GCST90002118,rs77892262,T,C,0.1709, || id:ebi-a-GCST90002118,TRUE,reported,igd
6,2920,6.74839e-13,29930939,0.2531,0.03508,ebi-a-GCST90002118,rs56262516,A,G,0.2757, || id:ebi-a-GCST90002118,TRUE,reported,igd
8,2920,3.77798e-06,135741562,-0.1258,0.02715,ebi-a-GCST90002118,rs34862764,T,C,0.4563, || id:ebi-a-GCST90002118,TRUE,reported,igd
10,2920,5.254e-06,80313233,0.2387,0.05231,ebi-a-GCST90002118,rs80304304,G,A,0.0735, || id:ebi-a-GCST90002118,TRUE,reported,igd
20,2920,8.17598e-06,17336549,0.2344,0.05245,ebi-a-GCST90002118,rs117410826,T,G,0.0738, || id:ebi-a-GCST90002118,TRUE,reported,igd
