samplesize.exposure,pval.exposure,chr.exposure,beta.exposure,pos.exposure,se.exposure,id.exposure,SNP,effect_allele.exposure,other_allele.exposure,eaf.exposure,exposure,mr_keep.exposure,pval_origin.exposure,data_source.exposure
2911,2.29499e-06,2,-0.1434,64833920,0.03029,ebi-a-GCST90002101,rs1861404,T,G,0.2807, || id:ebi-a-GCST90002101,TRUE,reported,igd
2911,1.85695e-21,2,0.2588,38921934,0.02699,ebi-a-GCST90002101,rs7583259,G,C,0.5036, || id:ebi-a-GCST90002101,TRUE,reported,igd
2911,2.34498e-06,2,-0.4789,201907127,0.1012,ebi-a-GCST90002101,rs192211982,C,T,0.0186, || id:ebi-a-GCST90002101,TRUE,reported,igd
2911,5.38902e-10,2,0.2582,39388479,0.04145,ebi-a-GCST90002101,rs61141933,T,C,0.1242, || id:ebi-a-GCST90002101,TRUE,reported,igd
2911,4.13704e-06,3,-0.129,144389644,0.02796,ebi-a-GCST90002101,rs800067,A,G,0.3932, || id:ebi-a-GCST90002101,TRUE,reported,igd
2911,6.67606e-06,4,0.3015,130243636,0.06682,ebi-a-GCST90002101,rs111772667,A,G,0.0431, || id:ebi-a-GCST90002101,TRUE,reported,igd
2911,3.22203e-06,7,-0.165,22705474,0.03537,ebi-a-GCST90002101,rs6962836,G,A,0.1824, || id:ebi-a-GCST90002101,TRUE,reported,igd
2911,4.83504e-06,9,-0.7644,22968922,0.1669,ebi-a-GCST90002101,rs74516300,A,C,0.0074, || id:ebi-a-GCST90002101,TRUE,reported,igd
2911,6.61805e-06,9,-0.2494,78911401,0.05526,ebi-a-GCST90002101,rs141423324,A,G,0.0656, || id:ebi-a-GCST90002101,TRUE,reported,igd
2911,7.12902e-06,10,-0.4839,19011440,0.1076,ebi-a-GCST90002101,rs141550154,G,A,0.0167, || id:ebi-a-GCST90002101,TRUE,reported,igd
2911,5.10399e-06,12,-0.2451,68758131,0.05365,ebi-a-GCST90002101,rs11177189,G,T,0.067, || id:ebi-a-GCST90002101,TRUE,reported,igd
2911,3.43898e-06,13,0.4724,53730995,0.1016,ebi-a-GCST90002101,rs141602247,C,T,0.0194, || id:ebi-a-GCST90002101,TRUE,reported,igd
2911,1.78599e-06,15,0.4342,99720770,0.09072,ebi-a-GCST90002101,rs62025666,C,G,0.0227, || id:ebi-a-GCST90002101,TRUE,reported,igd
2911,6.10703e-06,15,-0.1579,92817659,0.03486,ebi-a-GCST90002101,rs11634765,C,T,0.1769, || id:ebi-a-GCST90002101,TRUE,reported,igd
2911,8.97098e-06,18,0.171,561109,0.03843,ebi-a-GCST90002101,rs634097,G,A,0.8557, || id:ebi-a-GCST90002101,TRUE,reported,igd
