beta.exposure,pos.exposure,se.exposure,chr.exposure,samplesize.exposure,pval.exposure,id.exposure,SNP,effect_allele.exposure,other_allele.exposure,eaf.exposure,exposure,mr_keep.exposure,pval_origin.exposure,data_source.exposure
0.1834,30558818,0.03799,1,3618,1.434e-06,ebi-a-GCST90001983,rs61759062,G,T,0.1136, || id:ebi-a-GCST90001983,TRUE,reported,igd
0.1769,161478810,0.02681,1,3618,4.70111e-11,ebi-a-GCST90001983,rs6671847,A,G,0.2995, || id:ebi-a-GCST90001983,TRUE,reported,igd
-0.1153,62703251,0.02494,5,3618,3.91697e-06,ebi-a-GCST90001983,rs10071982,G,A,0.512, || id:ebi-a-GCST90001983,TRUE,reported,igd
-0.7623,102625786,0.1631,5,3618,3.06401e-06,ebi-a-GCST90001983,rs71586370,C,T,0.0058, || id:ebi-a-GCST90001983,TRUE,reported,igd
-0.1154,80417663,0.02491,5,3618,3.76504e-06,ebi-a-GCST90001983,rs26894,C,T,0.391, || id:ebi-a-GCST90001983,TRUE,reported,igd
0.1645,139992162,0.02658,5,3618,6.78094e-10,ebi-a-GCST90001983,rs2569177,T,G,0.3057, || id:ebi-a-GCST90001983,TRUE,reported,igd
-0.3872,378290,0.08259,6,3618,2.84898e-06,ebi-a-GCST90001983,rs190803173,T,C,0.0292, || id:ebi-a-GCST90001983,TRUE,reported,igd
0.1727,58311929,0.03761,8,3618,4.55198e-06,ebi-a-GCST90001983,rs13248932,C,T,0.1187, || id:ebi-a-GCST90001983,TRUE,reported,igd
-0.2387,25219707,0.05194,9,3618,4.43803e-06,ebi-a-GCST90001983,rs9406865,T,A,0.0575, || id:ebi-a-GCST90001983,TRUE,reported,igd
-0.1408,7633337,0.03132,10,3618,7.12098e-06,ebi-a-GCST90001983,rs12262055,T,C,0.192, || id:ebi-a-GCST90001983,TRUE,reported,igd
0.2134,40611618,0.04407,12,3618,1.348e-06,ebi-a-GCST90001983,rs4291738,T,G,0.0896, || id:ebi-a-GCST90001983,TRUE,reported,igd
-0.1893,12505767,0.04005,12,3618,2.362e-06,ebi-a-GCST90001983,rs61922057,T,C,0.1003, || id:ebi-a-GCST90001983,TRUE,reported,igd
-0.237,41540685,0.05339,14,3618,9.33899e-06,ebi-a-GCST90001983,rs17111403,T,C,0.0542, || id:ebi-a-GCST90001983,TRUE,reported,igd
0.1733,52443107,0.03657,15,3618,2.23398e-06,ebi-a-GCST90001983,rs12593041,T,C,0.1238, || id:ebi-a-GCST90001983,TRUE,reported,igd
-0.1502,31653646,0.03389,15,3618,9.62299e-06,ebi-a-GCST90001983,rs62037895,G,A,0.1526, || id:ebi-a-GCST90001983,TRUE,reported,igd
-0.2604,77769277,0.05719,16,3618,5.46298e-06,ebi-a-GCST90001983,rs117306778,T,G,0.0485, || id:ebi-a-GCST90001983,TRUE,reported,igd
0.1236,42848689,0.0267,20,3618,3.819e-06,ebi-a-GCST90001983,rs13043397,T,C,0.3021, || id:ebi-a-GCST90001983,TRUE,reported,igd
