beta.exposure,samplesize.exposure,chr.exposure,se.exposure,pos.exposure,pval.exposure,id.exposure,SNP,effect_allele.exposure,other_allele.exposure,eaf.exposure,exposure,mr_keep.exposure,pval_origin.exposure,data_source.exposure
1.07,2650,1,0.2217,3275382,1.46599e-06,ebi-a-GCST90002065,rs184800017,A,G,0.0038, || id:ebi-a-GCST90002065,TRUE,reported,igd
-0.4493,2650,2,0.09801,142742594,4.76003e-06,ebi-a-GCST90002065,rs72852573,C,T,0.0206, || id:ebi-a-GCST90002065,TRUE,reported,igd
-0.1663,2650,2,0.03501,9212749,2.139e-06,ebi-a-GCST90002065,rs1543082,C,A,0.8053, || id:ebi-a-GCST90002065,TRUE,reported,igd
-0.856,2650,3,0.1722,36456475,7.12394e-07,ebi-a-GCST90002065,rs142122078,A,G,0.0066, || id:ebi-a-GCST90002065,TRUE,reported,igd
0.1256,2650,6,0.02816,31040725,8.58895e-06,ebi-a-GCST90002065,rs2523887,G,A,0.5362, || id:ebi-a-GCST90002065,TRUE,reported,igd
-0.3118,2650,8,0.06847,11316692,5.50998e-06,ebi-a-GCST90002065,rs6601591,C,T,0.0428, || id:ebi-a-GCST90002065,TRUE,reported,igd
-0.6,2650,8,0.121,32077693,7.54606e-07,ebi-a-GCST90002065,rs117153869,T,G,0.0134, || id:ebi-a-GCST90002065,TRUE,reported,igd
-0.3065,2650,8,0.068,37371755,6.86199e-06,ebi-a-GCST90002065,rs117450546,T,C,0.043, || id:ebi-a-GCST90002065,TRUE,reported,igd
0.2826,2650,9,0.06328,35195975,8.31591e-06,ebi-a-GCST90002065,rs138782600,G,A,0.0489, || id:ebi-a-GCST90002065,TRUE,reported,igd
1.515,2650,10,0.3255,25354093,3.42003e-06,ebi-a-GCST90002065,rs79998393,A,C,0.0017, || id:ebi-a-GCST90002065,TRUE,reported,igd
0.3722,2650,10,0.06802,97548303,4.86295e-08,ebi-a-GCST90002065,rs147763768,A,G,0.0434, || id:ebi-a-GCST90002065,TRUE,reported,igd
0.1371,2650,11,0.02875,121778965,1.96902e-06,ebi-a-GCST90002065,rs12223055,C,G,0.3249, || id:ebi-a-GCST90002065,TRUE,reported,igd
0.1305,2650,12,0.02867,2610538,5.58998e-06,ebi-a-GCST90002065,rs2239094,G,A,0.3443, || id:ebi-a-GCST90002065,TRUE,reported,igd
0.1441,2650,14,0.03213,26533159,7.55197e-06,ebi-a-GCST90002065,rs17110593,C,T,0.2336, || id:ebi-a-GCST90002065,TRUE,reported,igd
0.1446,2650,16,0.03172,27901250,5.34601e-06,ebi-a-GCST90002065,rs56075460,A,G,0.2568, || id:ebi-a-GCST90002065,TRUE,reported,igd
-0.1506,2650,16,0.03278,22651209,4.50796e-06,ebi-a-GCST90002065,rs382106,A,G,0.6449, || id:ebi-a-GCST90002065,TRUE,reported,igd
