beta.exposure,pval.exposure,se.exposure,chr.exposure,samplesize.exposure,pos.exposure,id.exposure,SNP,effect_allele.exposure,other_allele.exposure,eaf.exposure,exposure,mr_keep.exposure,pval_origin.exposure,data_source.exposure
-0.143,3.20302e-06,0.03066,2,3629,19062526,ebi-a-GCST90001993,rs62126479,T,C,0.2027, || id:ebi-a-GCST90001993,TRUE,reported,igd
0.4918,3.85896e-06,0.1063,4,3629,146544530,ebi-a-GCST90001993,rs143930325,G,A,0.0134, || id:ebi-a-GCST90001993,TRUE,reported,igd
0.1479,3.33603e-08,0.02672,5,3629,140004816,ebi-a-GCST90001993,rs778582,T,C,0.3067, || id:ebi-a-GCST90001993,TRUE,reported,igd
-0.5666,2.22198e-06,0.1195,6,3629,140202191,ebi-a-GCST90001993,rs148958034,G,C,0.0105, || id:ebi-a-GCST90001993,TRUE,reported,igd
-0.2012,7.82402e-06,0.04496,7,3629,5422545,ebi-a-GCST90001993,rs10281189,G,T,0.0832, || id:ebi-a-GCST90001993,TRUE,reported,igd
-0.507,3.60504e-07,0.09946,7,3629,151910695,ebi-a-GCST90001993,rs147810622,G,C,0.0163, || id:ebi-a-GCST90001993,TRUE,reported,igd
0.1832,8.20994e-06,0.04102,7,3629,16903052,ebi-a-GCST90001993,rs10276990,A,C,0.0971, || id:ebi-a-GCST90001993,TRUE,reported,igd
0.1336,8.98194e-06,0.03005,10,3629,44984983,ebi-a-GCST90001993,rs140886794,C,A,0.2167, || id:ebi-a-GCST90001993,TRUE,reported,igd
-0.5474,7.60501e-06,0.1221,16,3629,1400283,ebi-a-GCST90001993,rs72779216,C,A,0.0102, || id:ebi-a-GCST90001993,TRUE,reported,igd
0.1139,9.57701e-06,0.02569,17,3629,63561681,ebi-a-GCST90001993,rs740026,A,G,0.3546, || id:ebi-a-GCST90001993,TRUE,reported,igd
-0.3875,4.62104e-06,0.08446,17,3629,35199795,ebi-a-GCST90001993,rs12953239,A,G,0.0205, || id:ebi-a-GCST90001993,TRUE,reported,igd
-0.2441,3.12198e-06,0.05227,18,3629,54525353,ebi-a-GCST90001993,rs8089422,A,G,0.0565, || id:ebi-a-GCST90001993,TRUE,reported,igd
-0.308,1.83101e-06,0.06444,19,3629,1781867,ebi-a-GCST90001993,rs149793797,C,G,0.0376, || id:ebi-a-GCST90001993,TRUE,reported,igd
-0.3864,5.90895e-06,0.08518,19,3629,2147301,ebi-a-GCST90001993,rs112555198,A,G,0.0207, || id:ebi-a-GCST90001993,TRUE,reported,igd
1.564,4.63095e-06,0.3409,19,3629,47853865,ebi-a-GCST90001993,rs144941477,T,C,0.0012, || id:ebi-a-GCST90001993,TRUE,reported,igd
0.2755,3.15101e-06,0.05902,20,3629,49270830,ebi-a-GCST90001993,rs150687633,G,A,0.0449, || id:ebi-a-GCST90001993,TRUE,reported,igd
