pval.exposure,pos.exposure,chr.exposure,beta.exposure,samplesize.exposure,se.exposure,id.exposure,SNP,effect_allele.exposure,other_allele.exposure,eaf.exposure,exposure,mr_keep.exposure,pval_origin.exposure,data_source.exposure
3.91922e-15,149738590,1,0.2881,3622,0.0365,ebi-a-GCST90002001,rs150145799,C,T,0.1327, || id:ebi-a-GCST90002001,TRUE,reported,igd
2.29599e-07,203597269,2,0.1278,3622,0.02466,ebi-a-GCST90002001,rs72930744,T,C,0.5084, || id:ebi-a-GCST90002001,TRUE,reported,igd
5.57404e-06,161551327,2,0.1936,3622,0.04256,ebi-a-GCST90002001,rs4077641,A,G,0.0897, || id:ebi-a-GCST90002001,TRUE,reported,igd
8.46506e-06,177553362,3,0.178,3622,0.03991,ebi-a-GCST90002001,rs9830508,T,C,0.098, || id:ebi-a-GCST90002001,TRUE,reported,igd
3.71304e-06,131175275,4,-0.1321,3622,0.02851,ebi-a-GCST90002001,rs6834422,T,C,0.23, || id:ebi-a-GCST90002001,TRUE,reported,igd
9.86802e-06,147431095,5,-0.5623,3622,0.127,ebi-a-GCST90002001,rs7714855,G,T,0.0098, || id:ebi-a-GCST90002001,TRUE,reported,igd
1.69801e-08,32570573,6,0.3331,3622,0.05893,ebi-a-GCST90002001,rs558721,T,C,0.0986, || id:ebi-a-GCST90002001,TRUE,reported,igd
3.14797e-06,137921821,6,2.965,3622,0.6352,ebi-a-GCST90002001,rs183506865,A,G,3e-04, || id:ebi-a-GCST90002001,TRUE,reported,igd
9.33104e-06,124722391,8,-0.2579,3622,0.05811,ebi-a-GCST90002001,rs7002380,T,C,0.0467, || id:ebi-a-GCST90002001,TRUE,reported,igd
6.88304e-06,8755271,9,-0.3562,3622,0.07908,ebi-a-GCST90002001,rs189868170,G,T,0.025, || id:ebi-a-GCST90002001,TRUE,reported,igd
9.94008e-06,92919256,10,-0.1978,3622,0.04471,ebi-a-GCST90002001,rs74149061,T,G,0.0816, || id:ebi-a-GCST90002001,TRUE,reported,igd
9.72792e-06,108805701,11,-0.6863,3622,0.155,ebi-a-GCST90002001,rs116872398,C,T,0.0062, || id:ebi-a-GCST90002001,TRUE,reported,igd
3.90904e-06,63704970,12,0.1124,3622,0.02432,ebi-a-GCST90002001,rs1566303,T,C,0.5371, || id:ebi-a-GCST90002001,TRUE,reported,igd
3.13798e-07,69744014,12,-0.2281,3622,0.04451,ebi-a-GCST90002001,rs1800973,A,C,0.0794, || id:ebi-a-GCST90002001,TRUE,reported,igd
8.26799e-07,28118710,13,0.4317,3622,0.08742,ebi-a-GCST90002001,rs189043718,A,C,0.0197, || id:ebi-a-GCST90002001,TRUE,reported,igd
3.60903e-08,59334076,13,-0.1381,3622,0.02501,ebi-a-GCST90002001,rs9597833,G,T,0.4249, || id:ebi-a-GCST90002001,TRUE,reported,igd
4.32703e-06,25745048,17,0.2831,3622,0.06151,ebi-a-GCST90002001,rs112698696,A,G,0.041, || id:ebi-a-GCST90002001,TRUE,reported,igd
