se.exposure,beta.exposure,pos.exposure,chr.exposure,samplesize.exposure,pval.exposure,id.exposure,SNP,effect_allele.exposure,other_allele.exposure,eaf.exposure,exposure,mr_keep.exposure,pval_origin.exposure,data_source.exposure
0.07623,0.3539,180568712,1,3112,3.578e-06,ebi-a-GCST90001958,rs56754976,T,G,0.0317, || id:ebi-a-GCST90001958,TRUE,reported,igd
0.02932,-0.1414,85909210,1,3112,1.47901e-06,ebi-a-GCST90001958,rs661686,C,T,0.6915, || id:ebi-a-GCST90001958,TRUE,reported,igd
0.02903,-0.1378,161479745,1,3112,2.139e-06,ebi-a-GCST90001958,rs1801274,G,A,0.3234, || id:ebi-a-GCST90001958,TRUE,reported,igd
0.03293,-0.1661,19779555,2,3112,4.83604e-07,ebi-a-GCST90001958,rs1365928,C,A,0.2127, || id:ebi-a-GCST90001958,TRUE,reported,igd
0.03868,-0.1783,160856904,2,3112,4.20001e-06,ebi-a-GCST90001958,rs116366652,T,A,0.1448, || id:ebi-a-GCST90001958,TRUE,reported,igd
0.02739,0.1282,23605540,4,3112,2.97201e-06,ebi-a-GCST90001958,rs34551852,C,T,0.4214, || id:ebi-a-GCST90001958,TRUE,reported,igd
0.1831,-0.8765,154119021,4,3112,1.77799e-06,ebi-a-GCST90001958,rs150579420,A,G,0.0048, || id:ebi-a-GCST90001958,TRUE,reported,igd
0.02728,-0.122,65562649,4,3112,7.99208e-06,ebi-a-GCST90001958,rs4073463,A,G,0.5508, || id:ebi-a-GCST90001958,TRUE,reported,igd
0.1754,0.8332,175815591,5,3112,2.12202e-06,ebi-a-GCST90001958,rs141048893,G,A,0.0058, || id:ebi-a-GCST90001958,TRUE,reported,igd
0.3472,-1.603,34155071,6,3112,4.03005e-06,ebi-a-GCST90001958,rs112496462,A,G,0.0014, || id:ebi-a-GCST90001958,TRUE,reported,igd
0.2615,-1.176,102742951,11,3112,7.17596e-06,ebi-a-GCST90001958,rs11225443,T,C,0.0027, || id:ebi-a-GCST90001958,TRUE,reported,igd
0.02838,0.1487,6467961,12,3112,1.72199e-07,ebi-a-GCST90001958,rs7976804,G,A,0.6591, || id:ebi-a-GCST90001958,TRUE,reported,igd
0.02585,-0.4307,6894164,12,3112,8.59607e-60,ebi-a-GCST90001958,rs7296859,G,C,0.4549, || id:ebi-a-GCST90001958,TRUE,reported,igd
0.03367,0.2953,72144174,16,3112,2.86682e-18,ebi-a-GCST90001958,rs9302635,C,T,0.1984, || id:ebi-a-GCST90001958,TRUE,reported,igd
0.04213,0.198,71579132,16,3112,2.716e-06,ebi-a-GCST90001958,rs117535998,T,C,0.1208, || id:ebi-a-GCST90001958,TRUE,reported,igd
0.1448,0.6588,27682817,18,3112,5.61397e-06,ebi-a-GCST90001958,rs78206220,G,C,0.0095, || id:ebi-a-GCST90001958,TRUE,reported,igd
