pos.exposure,beta.exposure,pval.exposure,se.exposure,chr.exposure,samplesize.exposure,id.exposure,SNP,effect_allele.exposure,other_allele.exposure,eaf.exposure,exposure,mr_keep.exposure,pval_origin.exposure,data_source.exposure
11541120,-0.6447,1.11299e-06,0.1321,2,2910,ebi-a-GCST90002054,rs138809534,T,C,0.0108, || id:ebi-a-GCST90002054,TRUE,reported,igd
87016506,-0.4218,1.83485e-26,0.03923,2,2910,ebi-a-GCST90002054,rs3020726,G,A,0.1385, || id:ebi-a-GCST90002054,TRUE,reported,igd
53947717,0.1679,1.06699e-06,0.03435,2,2910,ebi-a-GCST90002054,rs56214822,C,G,0.2067, || id:ebi-a-GCST90002054,TRUE,reported,igd
144965710,0.4642,8.06195e-07,0.09389,3,2910,ebi-a-GCST90002054,rs77434118,G,A,0.0216, || id:ebi-a-GCST90002054,TRUE,reported,igd
3098494,-0.2175,6.49905e-07,0.04361,5,2910,ebi-a-GCST90002054,rs6882406,T,C,0.1089, || id:ebi-a-GCST90002054,TRUE,reported,igd
6818562,-0.152,1.16001e-06,0.0312,6,2910,ebi-a-GCST90002054,rs9379064,T,C,0.2672, || id:ebi-a-GCST90002054,TRUE,reported,igd
31323677,0.2638,5.43876e-18,0.03032,6,2910,ebi-a-GCST90002054,rs4081559,T,C,0.4301, || id:ebi-a-GCST90002054,TRUE,reported,igd
29783305,-0.2284,2.84774e-11,0.0342,6,2910,ebi-a-GCST90002054,rs1633108,A,C,0.2234, || id:ebi-a-GCST90002054,TRUE,reported,igd
29849073,0.2071,5.98894e-07,0.0414,6,2910,ebi-a-GCST90002054,rs72657634,A,G,0.2383, || id:ebi-a-GCST90002054,TRUE,reported,igd
68310336,0.2572,9.64606e-06,0.05802,7,2910,ebi-a-GCST90002054,rs2711500,A,G,0.9418, || id:ebi-a-GCST90002054,TRUE,reported,igd
40408479,-0.2964,1.05701e-06,0.0606,8,2910,ebi-a-GCST90002054,rs16889563,T,A,0.0545, || id:ebi-a-GCST90002054,TRUE,reported,igd
71320912,0.3235,6.91194e-06,0.07181,9,2910,ebi-a-GCST90002054,rs41287409,C,G,0.0387, || id:ebi-a-GCST90002054,TRUE,reported,igd
114103610,-0.1362,9.07006e-06,0.03063,11,2910,ebi-a-GCST90002054,rs1791808,T,C,0.2735, || id:ebi-a-GCST90002054,TRUE,reported,igd
49203355,-0.3312,7.71703e-06,0.07391,12,2910,ebi-a-GCST90002054,rs4760640,A,T,0.9631, || id:ebi-a-GCST90002054,TRUE,reported,igd
57475168,-0.4479,6.20098e-06,0.09893,13,2910,ebi-a-GCST90002054,rs144117835,C,T,0.0201, || id:ebi-a-GCST90002054,TRUE,reported,igd
46774761,0.1254,9.38296e-06,0.02825,13,2910,ebi-a-GCST90002054,rs1230475,A,G,0.3691, || id:ebi-a-GCST90002054,TRUE,reported,igd
