se.exposure,chr.exposure,pos.exposure,pval.exposure,beta.exposure,samplesize.exposure,id.exposure,SNP,effect_allele.exposure,other_allele.exposure,eaf.exposure,exposure,mr_keep.exposure,pval_origin.exposure,data_source.exposure
0.09717,1,24521634,2.969e-06,-0.4548,3435,ebi-a-GCST90001941,rs114116419,C,T,0.0173, || id:ebi-a-GCST90001941,TRUE,reported,igd
0.1863,1,198830942,8.42752e-11,1.214,3435,ebi-a-GCST90001941,rs113116201,C,T,0.0044, || id:ebi-a-GCST90001941,TRUE,reported,igd
0.3692,1,31011676,8.79995e-06,1.643,3435,ebi-a-GCST90001941,rs141518333,T,C,0.0012, || id:ebi-a-GCST90001941,TRUE,reported,igd
0.3936,1,226932737,4.11197e-06,1.816,3435,ebi-a-GCST90001941,rs76863805,G,C,0.001, || id:ebi-a-GCST90001941,TRUE,reported,igd
0.02892,1,59360338,1.91501e-07,0.1509,3435,ebi-a-GCST90001941,rs113465498,A,T,0.2563, || id:ebi-a-GCST90001941,TRUE,reported,igd
0.02538,2,14682498,1.685e-06,0.1217,3435,ebi-a-GCST90001941,rs12692532,T,A,0.4646, || id:ebi-a-GCST90001941,TRUE,reported,igd
0.0715,2,38596674,2.558e-06,0.3369,3435,ebi-a-GCST90001941,rs145947216,T,C,0.036, || id:ebi-a-GCST90001941,TRUE,reported,igd
0.03959,2,159955595,7.76998e-07,-0.196,3435,ebi-a-GCST90001941,rs16843666,T,C,0.1179, || id:ebi-a-GCST90001941,TRUE,reported,igd
0.02611,6,129842380,1.639e-06,-0.1254,3435,ebi-a-GCST90001941,rs59279177,G,C,0.3952, || id:ebi-a-GCST90001941,TRUE,reported,igd
0.1092,7,131793986,7.35902e-06,-0.4902,3435,ebi-a-GCST90001941,rs148887938,A,G,0.0148, || id:ebi-a-GCST90001941,TRUE,reported,igd
0.038,7,96426791,1.30599e-06,0.1842,3435,ebi-a-GCST90001941,rs113165806,A,C,0.1263, || id:ebi-a-GCST90001941,TRUE,reported,igd
0.03057,7,152731084,9.91402e-07,-0.1499,3435,ebi-a-GCST90001941,rs7809749,T,G,0.2245, || id:ebi-a-GCST90001941,TRUE,reported,igd
0.02594,10,6074451,6.03698e-10,0.161,3435,ebi-a-GCST90001941,rs4747846,C,G,0.3854, || id:ebi-a-GCST90001941,TRUE,reported,igd
0.03485,13,51639441,8.95509e-06,-0.155,3435,ebi-a-GCST90001941,rs9596433,T,C,0.1582, || id:ebi-a-GCST90001941,TRUE,reported,igd
0.06245,18,61967509,2.646e-06,-0.2938,3435,ebi-a-GCST90001941,rs78677147,A,G,0.0425, || id:ebi-a-GCST90001941,TRUE,reported,igd
0.6966,18,9573841,6.50699e-06,3.146,3435,ebi-a-GCST90001941,rs111399540,C,T,3e-04, || id:ebi-a-GCST90001941,TRUE,reported,igd
