chr.exposure,se.exposure,samplesize.exposure,pos.exposure,beta.exposure,pval.exposure,id.exposure,SNP,effect_allele.exposure,other_allele.exposure,eaf.exposure,exposure,mr_keep.exposure,pval_origin.exposure,data_source.exposure
2,0.03704,1635,241579108,0.1731,3.21603e-06,ebi-a-GCST90002044,rs4676406,T,G,0.3807, || id:ebi-a-GCST90002044,TRUE,reported,igd
5,0.03846,1635,120560841,-0.1771,4.43803e-06,ebi-a-GCST90002044,rs2406420,C,A,0.7012, || id:ebi-a-GCST90002044,TRUE,reported,igd
5,0.05127,1635,13761068,-0.2367,4.18302e-06,ebi-a-GCST90002044,rs1354185,T,C,0.1398, || id:ebi-a-GCST90002044,TRUE,reported,igd
6,0.04281,1635,169034116,0.1899,9.82494e-06,ebi-a-GCST90002044,rs4142311,T,C,0.2425, || id:ebi-a-GCST90002044,TRUE,reported,igd
7,0.05309,1635,44180044,-0.2488,3.00103e-06,ebi-a-GCST90002044,rs75267165,A,T,0.1309, || id:ebi-a-GCST90002044,TRUE,reported,igd
10,0.1499,1635,14610624,0.7013,3.11602e-06,ebi-a-GCST90002044,rs376418616,A,G,0.0165, || id:ebi-a-GCST90002044,TRUE,reported,igd
11,0.03764,1635,110154710,-0.1671,9.57106e-06,ebi-a-GCST90002044,rs1784661,G,A,0.6526, || id:ebi-a-GCST90002044,TRUE,reported,igd
15,0.03755,1635,86320164,-0.1734,4.20204e-06,ebi-a-GCST90002044,rs55823336,A,T,0.3966, || id:ebi-a-GCST90002044,TRUE,reported,igd
19,0.04379,1635,51728477,-0.2232,3.85097e-07,ebi-a-GCST90002044,rs12459419,T,C,0.211, || id:ebi-a-GCST90002044,TRUE,reported,igd
21,0.0361,1635,18723671,0.1669,4.07596e-06,ebi-a-GCST90002044,rs2824282,G,A,0.4991, || id:ebi-a-GCST90002044,TRUE,reported,igd
