pos.exposure,pval.exposure,beta.exposure,se.exposure,chr.exposure,samplesize.exposure,id.exposure,SNP,effect_allele.exposure,other_allele.exposure,eaf.exposure,exposure,mr_keep.exposure,pval_origin.exposure,data_source.exposure
231523742,8.13299e-06,0.879,0.1967,1,2920,ebi-a-GCST90001896,rs75321567,T,C,0.0051, || id:ebi-a-GCST90001896,TRUE,reported,igd
169704333,2.28402e-06,2.082,0.4395,2,2920,ebi-a-GCST90001896,rs3845728,A,T,9e-04, || id:ebi-a-GCST90001896,TRUE,reported,igd
198232639,1.749e-06,-0.1482,0.03094,2,2920,ebi-a-GCST90001896,rs788008,T,C,0.2865, || id:ebi-a-GCST90001896,TRUE,reported,igd
204650296,1.041e-08,-0.2422,0.04219,2,2920,ebi-a-GCST90001896,rs112581826,A,G,0.1281, || id:ebi-a-GCST90001896,TRUE,reported,igd
204596768,5.63638e-15,0.4819,0.06136,2,2920,ebi-a-GCST90001896,rs78307830,C,G,0.0567, || id:ebi-a-GCST90001896,TRUE,reported,igd
148125567,5.41302e-06,0.3135,0.06881,3,2920,ebi-a-GCST90001896,rs74321916,T,A,0.0455, || id:ebi-a-GCST90001896,TRUE,reported,igd
187705839,7.15303e-06,-0.1874,0.04167,4,2920,ebi-a-GCST90001896,rs13147958,A,G,0.1291, || id:ebi-a-GCST90001896,TRUE,reported,igd
155756837,5.80805e-06,0.1449,0.03191,5,2920,ebi-a-GCST90001896,rs10447212,T,C,0.2634, || id:ebi-a-GCST90001896,TRUE,reported,igd
9342441,1.273e-06,0.342,0.07046,6,2920,ebi-a-GCST90001896,rs72820300,C,T,0.0428, || id:ebi-a-GCST90001896,TRUE,reported,igd
29909840,7.66002e-07,0.152,0.03068,6,2920,ebi-a-GCST90001896,rs2734904,A,G,0.4815, || id:ebi-a-GCST90001896,TRUE,reported,igd
90976768,5.13334e-67,0.5885,0.03315,6,2920,ebi-a-GCST90001896,rs72928038,A,G,0.199, || id:ebi-a-GCST90001896,TRUE,reported,igd
91423027,1.588e-06,0.1951,0.04057,6,2920,ebi-a-GCST90001896,rs17521485,C,A,0.1325, || id:ebi-a-GCST90001896,TRUE,reported,igd
9270831,1.99402e-06,-0.2408,0.05056,10,2920,ebi-a-GCST90001896,rs4747821,C,T,0.0803, || id:ebi-a-GCST90001896,TRUE,reported,igd
68612190,8.83202e-06,0.3378,0.07589,15,2920,ebi-a-GCST90001896,rs79921170,A,C,0.0354, || id:ebi-a-GCST90001896,TRUE,reported,igd
23973371,3.69999e-06,-0.1335,0.02879,16,2920,ebi-a-GCST90001896,rs11074594,A,G,0.3973, || id:ebi-a-GCST90001896,TRUE,reported,igd
8097404,5.18501e-06,0.3413,0.07475,19,2920,ebi-a-GCST90001896,rs28421958,T,C,0.0351, || id:ebi-a-GCST90001896,TRUE,reported,igd
