chr.exposure,samplesize.exposure,pos.exposure,beta.exposure,pval.exposure,se.exposure,id.exposure,SNP,effect_allele.exposure,other_allele.exposure,eaf.exposure,exposure,mr_keep.exposure,pval_origin.exposure,data_source.exposure
1,3113,30780553,0.3936,1.97401e-06,0.0826,ebi-a-GCST90001915,rs147201606,T,C,0.0257, || id:ebi-a-GCST90001915,TRUE,reported,igd
1,3113,42697317,-2.43,1.17801e-06,0.499,ebi-a-GCST90001915,rs115861687,C,T,6e-04, || id:ebi-a-GCST90001915,TRUE,reported,igd
1,3113,172481043,-0.9539,8.58598e-06,0.214,ebi-a-GCST90001915,rs77025195,T,C,0.0034, || id:ebi-a-GCST90001915,TRUE,reported,igd
1,3113,91546799,-0.2586,2.31398e-06,0.05463,ebi-a-GCST90001915,rs469141,T,A,0.0617, || id:ebi-a-GCST90001915,TRUE,reported,igd
1,3113,186159947,-1.046,6.61896e-06,0.2318,ebi-a-GCST90001915,rs41317509,G,A,0.0029, || id:ebi-a-GCST90001915,TRUE,reported,igd
2,3113,206656142,-0.2315,9.37692e-06,0.05216,ebi-a-GCST90001915,rs11676095,T,C,0.0668, || id:ebi-a-GCST90001915,TRUE,reported,igd
6,3113,129467732,-1.091,9.50211e-06,0.246,ebi-a-GCST90001915,rs3778139,G,A,0.0027, || id:ebi-a-GCST90001915,TRUE,reported,igd
6,3113,33202756,-0.1691,1.45999e-06,0.03504,ebi-a-GCST90001915,rs142492586,C,T,0.1971, || id:ebi-a-GCST90001915,TRUE,reported,igd
6,3113,32425487,-0.1566,2.21498e-06,0.03302,ebi-a-GCST90001915,rs7744304,T,G,0.769, || id:ebi-a-GCST90001915,TRUE,reported,igd
9,3113,17678842,-0.1651,2.34099e-06,0.03491,ebi-a-GCST90001915,rs34441251,G,C,0.1801, || id:ebi-a-GCST90001915,TRUE,reported,igd
10,3113,8256695,0.2074,6.92102e-06,0.04605,ebi-a-GCST90001915,rs7074916,T,G,0.0879, || id:ebi-a-GCST90001915,TRUE,reported,igd
11,3113,103495231,0.1427,4.97004e-06,0.0312,ebi-a-GCST90001915,rs7952636,A,G,0.7767, || id:ebi-a-GCST90001915,TRUE,reported,igd
16,3113,70755144,0.1273,1.47999e-06,0.02639,ebi-a-GCST90001915,rs17307464,A,G,0.4433, || id:ebi-a-GCST90001915,TRUE,reported,igd
17,3113,1058299,-0.2501,2.62198e-07,0.04847,ebi-a-GCST90001915,rs34291514,A,G,0.0774, || id:ebi-a-GCST90001915,TRUE,reported,igd
18,3113,23831649,0.1328,5.07399e-06,0.02906,ebi-a-GCST90001915,rs1530599,T,C,0.7265, || id:ebi-a-GCST90001915,TRUE,reported,igd
