se.exposure,pos.exposure,beta.exposure,pval.exposure,samplesize.exposure,chr.exposure,id.exposure,SNP,effect_allele.exposure,other_allele.exposure,eaf.exposure,exposure,mr_keep.exposure,pval_origin.exposure,data_source.exposure
0.04912,40011690,0.2225,6.35404e-06,1570,1,ebi-a-GCST90002049,rs41270829,T,G,0.1682, || id:ebi-a-GCST90002049,TRUE,reported,igd
0.05083,107930205,-0.232,5.433e-06,1570,1,ebi-a-GCST90002049,rs6696776,C,T,0.8541, || id:ebi-a-GCST90002049,TRUE,reported,igd
0.1446,209453912,-0.6414,9.82992e-06,1570,2,ebi-a-GCST90002049,rs17719731,G,A,0.0169, || id:ebi-a-GCST90002049,TRUE,reported,igd
0.07249,59488592,0.3404,2.88403e-06,1570,2,ebi-a-GCST90002049,rs139648605,G,A,0.0682, || id:ebi-a-GCST90002049,TRUE,reported,igd
0.1319,46613040,0.6077,4.38904e-06,1570,3,ebi-a-GCST90002049,rs145290654,A,G,0.0204, || id:ebi-a-GCST90002049,TRUE,reported,igd
0.2865,179767370,-1.27,9.89191e-06,1570,4,ebi-a-GCST90002049,rs147320610,T,C,0.0038, || id:ebi-a-GCST90002049,TRUE,reported,igd
0.1176,152737877,0.5593,2.14102e-06,1570,5,ebi-a-GCST90002049,rs79805545,C,T,0.0255, || id:ebi-a-GCST90002049,TRUE,reported,igd
0.1949,102083682,-1.008,2.60399e-07,1570,6,ebi-a-GCST90002049,rs142164490,A,T,0.0099, || id:ebi-a-GCST90002049,TRUE,reported,igd
0.1748,133082731,-0.7882,6.96194e-06,1570,6,ebi-a-GCST90002049,rs145907787,A,G,0.0115, || id:ebi-a-GCST90002049,TRUE,reported,igd
0.1102,52470831,0.495,7.53095e-06,1570,7,ebi-a-GCST90002049,rs73116504,G,A,0.0293, || id:ebi-a-GCST90002049,TRUE,reported,igd
0.1823,121868335,-0.8701,1.986e-06,1570,8,ebi-a-GCST90002049,rs76204403,A,G,0.0096, || id:ebi-a-GCST90002049,TRUE,reported,igd
0.1236,2108255,-0.5854,2.374e-06,1570,10,ebi-a-GCST90002049,rs111704828,T,C,0.0226, || id:ebi-a-GCST90002049,TRUE,reported,igd
0.05274,22642894,0.2355,8.51805e-06,1570,13,ebi-a-GCST90002049,rs7983916,G,A,0.1369, || id:ebi-a-GCST90002049,TRUE,reported,igd
0.05283,86734039,0.2539,1.68101e-06,1570,13,ebi-a-GCST90002049,rs9566131,T,G,0.1436, || id:ebi-a-GCST90002049,TRUE,reported,igd
0.0769,31376696,0.3519,5.12201e-06,1570,15,ebi-a-GCST90002049,rs11070797,T,C,0.0618, || id:ebi-a-GCST90002049,TRUE,reported,igd
0.04027,62407267,-0.1825,6.25504e-06,1570,18,ebi-a-GCST90002049,rs8091698,T,C,0.2809, || id:ebi-a-GCST90002049,TRUE,reported,igd
0.0633,7150938,0.2822,8.84708e-06,1570,19,ebi-a-GCST90002049,rs10410260,T,C,0.9041, || id:ebi-a-GCST90002049,TRUE,reported,igd
