beta.exposure,se.exposure,pos.exposure,chr.exposure,samplesize.exposure,pval.exposure,id.exposure,SNP,effect_allele.exposure,other_allele.exposure,eaf.exposure,exposure,mr_keep.exposure,pval_origin.exposure,data_source.exposure
0.1312,0.02854,241344611,1,3629,4.43701e-06,ebi-a-GCST90001986,rs4660041,A,G,0.7622, || id:ebi-a-GCST90001986,TRUE,reported,igd
0.1877,0.03939,7448154,1,3629,1.95601e-06,ebi-a-GCST90001986,rs2040433,C,T,0.1054, || id:ebi-a-GCST90001986,TRUE,reported,igd
0.2807,0.05883,1095620,1,3629,1.902e-06,ebi-a-GCST90001986,rs567921813,C,G,0.0493, || id:ebi-a-GCST90001986,TRUE,reported,igd
0.2996,0.06532,78616884,2,3629,4.64997e-06,ebi-a-GCST90001986,rs6713968,T,C,0.0353, || id:ebi-a-GCST90001986,TRUE,reported,igd
-0.2591,0.03497,139978241,5,3629,1.57217e-13,ebi-a-GCST90001986,rs58027502,T,C,0.1375, || id:ebi-a-GCST90001986,TRUE,reported,igd
-0.1235,0.02467,80417663,5,3629,5.844e-07,ebi-a-GCST90001986,rs26894,C,T,0.3912, || id:ebi-a-GCST90001986,TRUE,reported,igd
-0.1093,0.02461,156303873,6,3629,9.11402e-06,ebi-a-GCST90001986,rs4128876,G,A,0.5293, || id:ebi-a-GCST90001986,TRUE,reported,igd
-0.2128,0.04498,118124789,6,3629,2.32001e-06,ebi-a-GCST90001986,rs9481732,C,T,0.9211, || id:ebi-a-GCST90001986,TRUE,reported,igd
-0.2454,0.05514,139560140,6,3629,8.80096e-06,ebi-a-GCST90001986,rs12663127,A,C,0.0513, || id:ebi-a-GCST90001986,TRUE,reported,igd
-0.8583,0.1863,122726431,9,3629,4.23701e-06,ebi-a-GCST90001986,rs77624779,G,A,0.0041, || id:ebi-a-GCST90001986,TRUE,reported,igd
-0.2256,0.04728,112247155,10,3629,1.902e-06,ebi-a-GCST90001986,rs117925981,T,C,0.07, || id:ebi-a-GCST90001986,TRUE,reported,igd
-0.116,0.02484,41197785,12,3629,3.14e-06,ebi-a-GCST90001986,rs1041345,A,G,0.5941, || id:ebi-a-GCST90001986,TRUE,reported,igd
0.2354,0.04457,40575173,12,3629,1.36301e-07,ebi-a-GCST90001986,rs139408196,T,C,0.0864, || id:ebi-a-GCST90001986,TRUE,reported,igd
1.103,0.24,28914556,14,3629,4.42802e-06,ebi-a-GCST90001986,rs111820782,T,C,0.0025, || id:ebi-a-GCST90001986,TRUE,reported,igd
0.1448,0.03272,23677385,14,3629,9.88804e-06,ebi-a-GCST90001986,rs79186565,T,C,0.1659, || id:ebi-a-GCST90001986,TRUE,reported,igd
-0.2037,0.04441,73892447,18,3629,4.64098e-06,ebi-a-GCST90001986,rs76903175,G,C,0.0809, || id:ebi-a-GCST90001986,TRUE,reported,igd
