pos.exposure,se.exposure,beta.exposure,pval.exposure,samplesize.exposure,chr.exposure,id.exposure,SNP,effect_allele.exposure,other_allele.exposure,eaf.exposure,exposure,mr_keep.exposure,pval_origin.exposure,data_source.exposure
92925654,0.07237,-0.4543,3.96004e-10,2850,1,ebi-a-GCST90001905,rs150649461,C,G,0.0428, || id:ebi-a-GCST90001905,TRUE,reported,igd
40095534,0.03506,0.1555,9.60904e-06,2850,1,ebi-a-GCST90001905,rs72663570,T,C,0.1942, || id:ebi-a-GCST90001905,TRUE,reported,igd
15261044,0.02986,-0.1388,3.52201e-06,2850,2,ebi-a-GCST90001905,rs7565243,G,A,0.6832, || id:ebi-a-GCST90001905,TRUE,reported,igd
124939359,0.1324,0.6001,6.11195e-06,2850,2,ebi-a-GCST90001905,rs10169719,T,C,0.0112, || id:ebi-a-GCST90001905,TRUE,reported,igd
132156322,0.09917,0.4396,9.66296e-06,2850,3,ebi-a-GCST90001905,rs61300354,A,G,0.0188, || id:ebi-a-GCST90001905,TRUE,reported,igd
118271900,0.2014,-0.9074,6.88304e-06,2850,3,ebi-a-GCST90001905,rs116524758,T,C,0.0046, || id:ebi-a-GCST90001905,TRUE,reported,igd
124834289,0.2589,1.155,8.39692e-06,2850,3,ebi-a-GCST90001905,rs6438880,T,C,0.003, || id:ebi-a-GCST90001905,TRUE,reported,igd
142893697,0.08064,0.3746,3.54397e-06,2850,8,ebi-a-GCST90001905,rs143443965,T,C,0.0312, || id:ebi-a-GCST90001905,TRUE,reported,igd
84351351,0.1131,0.5595,7.98896e-07,2850,9,ebi-a-GCST90001905,rs6559641,A,C,0.9839, || id:ebi-a-GCST90001905,TRUE,reported,igd
89798284,0.04384,0.2202,5.428e-07,2850,9,ebi-a-GCST90001905,rs56283543,G,A,0.1116, || id:ebi-a-GCST90001905,TRUE,reported,igd
72328727,0.02794,-0.1263,6.45595e-06,2850,9,ebi-a-GCST90001905,rs7857137,G,A,0.4042, || id:ebi-a-GCST90001905,TRUE,reported,igd
45720975,0.1933,0.8681,7.36394e-06,2850,10,ebi-a-GCST90001905,rs117561616,C,T,0.0049, || id:ebi-a-GCST90001905,TRUE,reported,igd
123151235,0.1177,0.541,4.46098e-06,2850,11,ebi-a-GCST90001905,rs150328798,C,T,0.0151, || id:ebi-a-GCST90001905,TRUE,reported,igd
24562705,0.3048,1.476,1.358e-06,2850,12,ebi-a-GCST90001905,rs74907279,T,C,0.0019, || id:ebi-a-GCST90001905,TRUE,reported,igd
658993,0.04813,-0.2179,6.20698e-06,2850,12,ebi-a-GCST90001905,rs73592377,T,C,0.0905, || id:ebi-a-GCST90001905,TRUE,reported,igd
46380610,0.03134,0.1425,5.64105e-06,2850,19,ebi-a-GCST90001905,rs12974366,A,G,0.2707, || id:ebi-a-GCST90001905,TRUE,reported,igd
47321626,0.04558,-0.2153,2.42801e-06,2850,19,ebi-a-GCST90001905,rs138552617,T,C,0.1037, || id:ebi-a-GCST90001905,TRUE,reported,igd
