samplesize.exposure,beta.exposure,pos.exposure,se.exposure,pval.exposure,chr.exposure,id.exposure,SNP,effect_allele.exposure,other_allele.exposure,eaf.exposure,exposure,mr_keep.exposure,pval_origin.exposure,data_source.exposure
3112,-0.639,4629608,0.1402,5.33396e-06,1,ebi-a-GCST90002075,rs116325392,T,C,0.009, || id:ebi-a-GCST90002075,TRUE,reported,igd
3112,-0.2377,36008717,0.0537,9.95795e-06,2,ebi-a-GCST90002075,rs61180620,T,A,0.0657, || id:ebi-a-GCST90002075,TRUE,reported,igd
3112,0.2061,131607875,0.04543,5.91303e-06,2,ebi-a-GCST90002075,rs1317900,G,A,0.103, || id:ebi-a-GCST90002075,TRUE,reported,igd
3112,-0.1295,32156283,0.02867,6.57007e-06,3,ebi-a-GCST90002075,rs6763382,G,A,0.3262, || id:ebi-a-GCST90002075,TRUE,reported,igd
3112,-0.4662,40009649,0.09343,6.38293e-07,5,ebi-a-GCST90002075,rs144261817,C,T,0.021, || id:ebi-a-GCST90002075,TRUE,reported,igd
3112,-0.258,106222436,0.05625,4.67003e-06,5,ebi-a-GCST90002075,rs72784338,A,G,0.0625, || id:ebi-a-GCST90002075,TRUE,reported,igd
3112,-0.1312,171191605,0.02844,4.12696e-06,5,ebi-a-GCST90002075,rs32475,G,A,0.6575, || id:ebi-a-GCST90002075,TRUE,reported,igd
3112,-0.1293,74360068,0.02857,6.23405e-06,7,ebi-a-GCST90002075,rs1635750,T,G,0.3896, || id:ebi-a-GCST90002075,TRUE,reported,igd
3112,0.2654,51754521,0.0554,1.74799e-06,8,ebi-a-GCST90002075,rs11777012,C,T,0.0654, || id:ebi-a-GCST90002075,TRUE,reported,igd
3112,0.2021,5144391,0.04109,9.20492e-07,11,ebi-a-GCST90002075,rs72879624,C,G,0.1232, || id:ebi-a-GCST90002075,TRUE,reported,igd
3112,0.1686,106623009,0.0362,3.31803e-06,12,ebi-a-GCST90002075,rs10459209,A,G,0.1721, || id:ebi-a-GCST90002075,TRUE,reported,igd
3112,-1.167,29231102,0.2594,7.057e-06,18,ebi-a-GCST90002075,rs139142972,T,C,0.0024, || id:ebi-a-GCST90002075,TRUE,reported,igd
3112,0.1339,12351462,0.02678,6.02296e-07,20,ebi-a-GCST90002075,rs6134523,T,C,0.481, || id:ebi-a-GCST90002075,TRUE,reported,igd
3112,-0.3818,49637974,0.0818,3.173e-06,20,ebi-a-GCST90002075,rs6096232,G,A,0.0257, || id:ebi-a-GCST90002075,TRUE,reported,igd
