beta.exposure,samplesize.exposure,se.exposure,pos.exposure,chr.exposure,pval.exposure,id.exposure,SNP,effect_allele.exposure,other_allele.exposure,eaf.exposure,exposure,mr_keep.exposure,pval_origin.exposure,data_source.exposure
-0.4071,2870,0.08609,118620702,1,2.36701e-06,ebi-a-GCST90002014,rs139258218,C,T,0.0275, || id:ebi-a-GCST90002014,TRUE,reported,igd
0.2327,2870,0.03137,161515638,1,1.55812e-13,ebi-a-GCST90002014,rs6687275,G,T,0.2742, || id:ebi-a-GCST90002014,TRUE,reported,igd
0.2252,2870,0.04467,22744534,1,4.88495e-07,ebi-a-GCST90002014,rs16827093,T,C,0.1064, || id:ebi-a-GCST90002014,TRUE,reported,igd
0.3125,2870,0.02782,161589982,1,1.12902e-28,ebi-a-GCST90002014,rs61802333,T,G,0.4627, || id:ebi-a-GCST90002014,TRUE,reported,igd
-0.1247,2870,0.02777,30473522,2,7.39707e-06,ebi-a-GCST90002014,rs3813658,C,T,0.5324, || id:ebi-a-GCST90002014,TRUE,reported,igd
-0.4732,2870,0.05907,46259296,3,1.63983e-15,ebi-a-GCST90002014,rs35587265,G,A,0.0624, || id:ebi-a-GCST90002014,TRUE,reported,igd
-0.4754,2870,0.09743,47053135,3,1.12401e-06,ebi-a-GCST90002014,rs115044799,G,T,0.0221, || id:ebi-a-GCST90002014,TRUE,reported,igd
0.5864,2870,0.1239,31408232,4,2.34601e-06,ebi-a-GCST90002014,rs115100307,C,T,0.0132, || id:ebi-a-GCST90002014,TRUE,reported,igd
0.1277,2870,0.02817,35737527,6,6.08401e-06,ebi-a-GCST90002014,rs9470090,T,C,0.4516, || id:ebi-a-GCST90002014,TRUE,reported,igd
-0.2698,2870,0.05639,72599402,8,1.79498e-06,ebi-a-GCST90002014,rs969808,T,C,0.9308, || id:ebi-a-GCST90002014,TRUE,reported,igd
-0.1356,2870,0.03025,862889,9,7.72005e-06,ebi-a-GCST90002014,rs10977191,T,C,0.6793, || id:ebi-a-GCST90002014,TRUE,reported,igd
0.8414,2870,0.1823,111183251,11,4.09204e-06,ebi-a-GCST90002014,rs61896808,T,C,0.0057, || id:ebi-a-GCST90002014,TRUE,reported,igd
0.2613,2870,0.0588,4702567,11,9.14303e-06,ebi-a-GCST90002014,rs12573934,T,C,0.0617, || id:ebi-a-GCST90002014,TRUE,reported,igd
0.4089,2870,0.08915,72111834,16,4.68198e-06,ebi-a-GCST90002014,rs138016528,A,C,0.0249, || id:ebi-a-GCST90002014,TRUE,reported,igd
-0.1745,2870,0.03705,83976564,16,2.58297e-06,ebi-a-GCST90002014,rs2011807,T,C,0.1761, || id:ebi-a-GCST90002014,TRUE,reported,igd
