chr.exposure,pos.exposure,pval.exposure,se.exposure,samplesize.exposure,beta.exposure,id.exposure,SNP,effect_allele.exposure,other_allele.exposure,eaf.exposure,exposure,mr_keep.exposure,pval_origin.exposure,data_source.exposure
1,4002766,1.12699e-06,0.03701,1570,0.1809,ebi-a-GCST90002094,rs12073174,G,A,0.4904, || id:ebi-a-GCST90002094,TRUE,reported,igd
1,161479745,5.236e-32,0.03828,1570,0.461,ebi-a-GCST90002094,rs1801274,G,A,0.3309, || id:ebi-a-GCST90002094,TRUE,reported,igd
2,176610873,9.03005e-06,0.04,1570,0.1782,ebi-a-GCST90002094,rs7579789,A,C,0.7067, || id:ebi-a-GCST90002094,TRUE,reported,igd
3,3150964,5.659e-06,0.04078,1570,0.1857,ebi-a-GCST90002094,rs77400868,G,A,0.3054, || id:ebi-a-GCST90002094,TRUE,reported,igd
5,174996664,1.86599e-06,0.1485,1570,-0.7107,ebi-a-GCST90002094,rs146739860,G,A,0.0159, || id:ebi-a-GCST90002094,TRUE,reported,igd
5,155307756,7.54901e-06,0.0472,1570,0.212,ebi-a-GCST90002094,rs74545702,T,C,0.185, || id:ebi-a-GCST90002094,TRUE,reported,igd
6,102083682,2.20902e-06,0.1964,1570,-0.9332,ebi-a-GCST90002094,rs142164490,A,T,0.0099, || id:ebi-a-GCST90002094,TRUE,reported,igd
6,112788900,4.08103e-06,0.2748,1570,-1.271,ebi-a-GCST90002094,rs148428675,T,C,0.0038, || id:ebi-a-GCST90002094,TRUE,reported,igd
6,150915881,7.90497e-06,0.03882,1570,-0.174,ebi-a-GCST90002094,rs7750629,C,T,0.3382, || id:ebi-a-GCST90002094,TRUE,reported,igd
7,103530694,1.539e-06,0.1604,1570,-0.7737,ebi-a-GCST90002094,rs17157063,C,A,0.0134, || id:ebi-a-GCST90002094,TRUE,reported,igd
8,94254378,2.99999e-07,0.04828,1570,-0.2485,ebi-a-GCST90002094,rs35417041,T,C,0.1697, || id:ebi-a-GCST90002094,TRUE,reported,igd
10,1461116,8.47793e-06,0.07678,1570,-0.343,ebi-a-GCST90002094,rs2997983,C,T,0.0611, || id:ebi-a-GCST90002094,TRUE,reported,igd
11,80812245,5.68499e-06,0.0433,1570,0.1971,ebi-a-GCST90002094,rs11232457,C,T,0.2328, || id:ebi-a-GCST90002094,TRUE,reported,igd
11,36082067,6.16297e-06,0.03926,1570,0.1781,ebi-a-GCST90002094,rs1499516,G,T,0.3449, || id:ebi-a-GCST90002094,TRUE,reported,igd
15,87411994,1.14599e-06,0.06799,1570,-0.3321,ebi-a-GCST90002094,rs62032592,A,G,0.0803, || id:ebi-a-GCST90002094,TRUE,reported,igd
17,4714471,1.13501e-06,0.119,1570,-0.5816,ebi-a-GCST90002094,rs72835003,C,T,0.0252, || id:ebi-a-GCST90002094,TRUE,reported,igd
