beta.exposure,pos.exposure,chr.exposure,pval.exposure,samplesize.exposure,se.exposure,id.exposure,SNP,effect_allele.exposure,other_allele.exposure,eaf.exposure,exposure,mr_keep.exposure,pval_origin.exposure,data_source.exposure
0.1995,38935236,2,3.17001e-08,2920,0.03596,ebi-a-GCST90001887,rs34460712,A,G,0.1712, || id:ebi-a-GCST90001887,TRUE,reported,igd
-0.4161,204609402,2,3.30674e-34,2920,0.03368,ebi-a-GCST90001887,rs62183989,T,C,0.1983, || id:ebi-a-GCST90001887,TRUE,reported,igd
-0.4977,49884156,2,1.59698e-06,2920,0.1035,ebi-a-GCST90001887,rs116479405,A,G,0.0164, || id:ebi-a-GCST90001887,TRUE,reported,igd
-0.3236,113291855,3,1.821e-06,2920,0.06767,ebi-a-GCST90001887,rs78066273,C,T,0.0411, || id:ebi-a-GCST90001887,TRUE,reported,igd
0.2301,55114197,3,1.61202e-06,2920,0.04787,ebi-a-GCST90001887,rs187188,G,T,0.0872, || id:ebi-a-GCST90001887,TRUE,reported,igd
0.583,14637898,3,4.71802e-06,2920,0.1271,ebi-a-GCST90001887,rs6766082,T,G,0.0106, || id:ebi-a-GCST90001887,TRUE,reported,igd
-0.1233,15059988,4,5.59294e-06,2920,0.02711,ebi-a-GCST90001887,rs1349999,G,A,0.4789, || id:ebi-a-GCST90001887,TRUE,reported,igd
2.034,83560688,4,2.97098e-06,2920,0.4344,ebi-a-GCST90001887,rs139007177,A,G,0.0012, || id:ebi-a-GCST90001887,TRUE,reported,igd
-0.5019,125362860,5,3.64301e-07,2920,0.09843,ebi-a-GCST90001887,rs76308995,A,C,0.0195, || id:ebi-a-GCST90001887,TRUE,reported,igd
0.1526,90957463,6,2.33798e-08,2920,0.02725,ebi-a-GCST90001887,rs3757247,T,C,0.5264, || id:ebi-a-GCST90001887,TRUE,reported,igd
-3.305,51406956,8,6.13804e-06,2920,0.7295,ebi-a-GCST90001887,rs144665636,C,T,3e-04, || id:ebi-a-GCST90001887,TRUE,reported,igd
-2.3,114914004,10,8.37394e-06,2920,0.5154,ebi-a-GCST90001887,rs142599237,T,C,7e-04, || id:ebi-a-GCST90001887,TRUE,reported,igd
-0.1309,101938382,14,7.284e-06,2920,0.02914,ebi-a-GCST90001887,rs4906123,C,G,0.6973, || id:ebi-a-GCST90001887,TRUE,reported,igd
-0.3487,43725613,14,2.58297e-06,2920,0.07402,ebi-a-GCST90001887,rs189158196,G,T,0.0325, || id:ebi-a-GCST90001887,TRUE,reported,igd
0.124,8875529,16,6.996e-06,2920,0.02755,ebi-a-GCST90001887,rs2270288,T,G,0.431, || id:ebi-a-GCST90001887,TRUE,reported,igd
-0.1979,69802656,17,5.44001e-06,2920,0.04343,ebi-a-GCST90001887,rs2341310,G,A,0.8868, || id:ebi-a-GCST90001887,TRUE,reported,igd
-1.382,64170750,18,4.43098e-06,2920,0.3004,ebi-a-GCST90001887,rs144535716,C,G,0.0019, || id:ebi-a-GCST90001887,TRUE,reported,igd
