beta.exposure,se.exposure,pval.exposure,chr.exposure,samplesize.exposure,pos.exposure,id.exposure,SNP,effect_allele.exposure,other_allele.exposure,eaf.exposure,exposure,mr_keep.exposure,pval_origin.exposure,data_source.exposure
0.3251,0.07219,6.89208e-06,1,3629,7482757,ebi-a-GCST90002002,rs4908637,A,G,0.0316, || id:ebi-a-GCST90002002,TRUE,reported,igd
-0.2725,0.02916,1.53497e-20,1,3629,161492175,ebi-a-GCST90002002,rs9427401,G,C,0.2313, || id:ebi-a-GCST90002002,TRUE,reported,igd
0.1298,0.02689,1.447e-06,5,3629,139992162,ebi-a-GCST90002002,rs2569177,T,G,0.3057, || id:ebi-a-GCST90002002,TRUE,reported,igd
-1.394,0.2885,1.40001e-06,5,3629,23367000,ebi-a-GCST90002002,rs74538501,T,C,0.0019, || id:ebi-a-GCST90002002,TRUE,reported,igd
0.198,0.04119,1.59401e-06,7,3629,16903052,ebi-a-GCST90002002,rs10276990,A,C,0.0971, || id:ebi-a-GCST90002002,TRUE,reported,igd
-0.5295,0.1151,4.38399e-06,7,3629,151523758,ebi-a-GCST90002002,rs73160029,C,T,0.0117, || id:ebi-a-GCST90002002,TRUE,reported,igd
-0.5881,0.0998,4.15097e-09,7,3629,151910695,ebi-a-GCST90002002,rs147810622,G,C,0.0163, || id:ebi-a-GCST90002002,TRUE,reported,igd
-0.1161,0.02543,5.18704e-06,8,3629,106272376,ebi-a-GCST90002002,rs10103683,C,G,0.3588, || id:ebi-a-GCST90002002,TRUE,reported,igd
0.2878,0.06275,4.66498e-06,11,3629,46226004,ebi-a-GCST90002002,rs11038817,T,C,0.0397, || id:ebi-a-GCST90002002,TRUE,reported,igd
-0.2375,0.05205,5.188e-06,16,3629,57140525,ebi-a-GCST90002002,rs578253340,T,A,0.0676, || id:ebi-a-GCST90002002,TRUE,reported,igd
0.2938,0.06547,7.40696e-06,16,3629,67979423,ebi-a-GCST90002002,rs17851876,T,G,0.0384, || id:ebi-a-GCST90002002,TRUE,reported,igd
-0.4006,0.08485,2.43198e-06,17,3629,35199795,ebi-a-GCST90002002,rs12953239,A,G,0.0205, || id:ebi-a-GCST90002002,TRUE,reported,igd
-0.5927,0.1319,7.20493e-06,18,3629,48996522,ebi-a-GCST90002002,rs10454715,C,T,0.0092, || id:ebi-a-GCST90002002,TRUE,reported,igd
-0.2397,0.05252,5.19697e-06,18,3629,54525353,ebi-a-GCST90002002,rs8089422,A,G,0.0565, || id:ebi-a-GCST90002002,TRUE,reported,igd
0.1914,0.03824,5.84104e-07,20,3629,48898441,ebi-a-GCST90002002,rs75567064,A,G,0.1222, || id:ebi-a-GCST90002002,TRUE,reported,igd
-0.1168,0.02527,3.89996e-06,20,3629,49351740,ebi-a-GCST90002002,rs4809811,T,C,0.6065, || id:ebi-a-GCST90002002,TRUE,reported,igd
